agency,mode,n_ods,country,operator,status,source_ids,source_titles,source_urls,notes,audit_files
FlixBus-eu,Bus,1869,"AT,BE,BG,CH,CZ",FlixBus,access_required,NW_FLIXBUS|NW_FLIX_PARTNER,FlixBus general carriage conditions|FlixBus reseller access,https://global.flixbus.com/terms-and-conditions-of-carriage|https://global.flixbus.com/company/partners/travel-agencies-and-ticket-outlets,Quota-based fare brackets; no public complete monetary matrix verified. Partner access is the official lead.,northwest_fallback
DB Fernverkehr AG,Rail,606,"AT,BE,CH,DE,FR",DB,published_partial,DACH_DB_AGB|DACH_DB_FLEX,DB national/international conditions and supplementary price list|DB Flexpreis product and price determinants,https://www.bahn.de/agb|https://www.bahn.de/angebot/sparpreis-flexpreis/flexpreis,Current published rules/supplements verified; complete OD/date long-distance base fares not obtained.,dach.json
SNCF VOYAGEURS,Rail,253,"BE,CH,DE,ES,FR",SNCF,published_partial,SW_SNCF_TGV|SW_SNCF_IC|SW_SNCF_BASE|SW_ALEOP_ECO,"Tarifs TGV INOUI et OUIGO — official OD fare bounds|Tarifs Intercités — daytime and overnight OD fare bounds|SNCF Tarifs voyageurs, volume 6 — base fare coefficients and product rules|Aléop Eco — TER and specified express coaches",https://ressources.data.sncf.com/explore/dataset/tarifs-tgv-inoui-ouigo/export/|https://ressources.data.sncf.com/explore/dataset/tarifs-intercites/table/|https://www.tgvinoui.sncf/file/tarifs-voyageurs|https://aleop.paysdelaloire.fr/tarifs/billet-aleop-eco,"Operator alias may cover TGV, Intercités, TER and international services. National published bounds and limited base rules exist; classify services and join UIC stations. Alias alone is not tariff identity.",southwest.json
PKP Intercity,Rail,153,"AT,CZ,DE,HU,LT",PKP,access_required,EAST_PKP_DOMESTIC_CANDIDATE|EAST_PL_SCIC_NRT_2025,"PKP Intercity Cennik usług przewozowych — domestic base-fare publication candidate|SCIC-NRT 2025–2026, Polish edition prepared by PKP Intercity",https://www.intercity.pl/pl/dokumenty/Przepisy%20i%20taryfy/Cennik_uslug_przewozowch_PKP_Intercity_od_01.09.25.pdf|https://polregio.pl/media/28130/scic-nrt-od-14122025-r.pdf,Domestic price candidate blocked by 403; international rules verified but NRT monetary database still needed. Preserve train/category/channel and reservations.,east.json
Trenitalia,Rail,110,"FR,IT",Trenitalia,published_partial,SW_TI_LISTINO|SW_TI_REGIME|SW_TI_PIEMONTE,"Trenitalia Listino dei Prezzi, Capitolo IV, Parte II|Trenitalia Part II — Base fares and limited-price availability|Trenitalia Tariffa 39/13 Piemonte — ordinary regional singles",https://www.trenitalia.com/content/dam/trenitalia/allegati/info/condizioni-generali-di-trasporto/parte-ii-trasporto-nazionale/Listino_Prezzi_Capitolo_IV-PARTE_II_Trasporto_Nazionale.pdf|https://www.trenitalia.com/content/dam/trenitalia/allegati/info/condizioni-generali-di-trasporto/parte-ii-trasporto-nazionale/Parte_II-Trasporto_Nazionale.pdf|https://www.trenitalia.com/content/dam/trenitalia/allegati/info/condizioni-generali-di-trasporto/parte-iii-trasporto-regionale/tariffa-39/Tariffa_39_13_Piemonte.pdf,IC/ICN Base OD tables and regional tariff tables exist. Frecce capacity-limited price levels need quotes. Regional distances and international products need distinct acquisition.,southwest.json
National Express,Bus,97,"DE,IE,UK",National Express (UK),retail_only,NW_NATIONAL_EXPRESS,National Express ticket products and fare rules,https://www.nationalexpress.com/en/help/tickets/,Official rules confirm date- and advance-purchase-dependent coach fares; no complete public OD matrix was found.,northwest_fallback
CrossCountry,Rail,95,UK,CrossCountry,access_required,NW_GB_RSP|NW_GB_SPEC,"RDG industry fares, routeing and timetable data|RDG Fares and Associated Data Feed Specification RSPS5045",https://www.raildeliverygroup.com/our-services/essential-services/rail-data.html|https://www.raildeliverygroup.com/files/Publications/services/rsp/RSPS504502-00FaresandAssociatedDataFeedInterfaceSpecification.pdf,"Use the shared GB fares, restrictions and routeing delivery rather than an operator-page scraper.",northwest_fallback
BlaBlaCar Bus,Bus,89,"AT,BE,CH,CZ,DE",BlaBlaCar Bus,access_required,NW_BLABLACAR,BlaBlaCar Pro IMS external API,https://cdn.blablacar.pro/ims/api/blablacar-pro-ext-api.html,The official partner API returns ticket prices but requires credentials and inventory-scope verification.,northwest_fallback
Österreichische Bundesbahnen,Rail,82,"AT,BE,CH,CZ,DE",ÖBB,published_partial,DACH_OBB_OD|DACH_OBB_Y_SAMPLE|DACH_OBB_RULES|DACH_OBB_NIGHT,"ÖBB published relation-price tables|ÖBB OD table, origins Y: verified sample shard|Handbuch für Reisen mit den ÖBB in Österreich|ÖBB night trains in Germany, fare ranges",https://www.oebb.at/static/tarife/de/relationspreise/index.html|https://static.web.oebb.at/relationspreise/14122025/y.pdf|https://www.oebb.at/static/tarife/de/handbuch_fuer_reisen_mit_den_oebb_in_oesterreich/index.html|https://www.oebb.at/static/tarife/de/relationspreise/Resources/pdf/3203138955.pdf,"Domestic standard-fare source ready for acquisition. International through fares, local Verbund fares and inventory products need separate resolution.",dach.json
RENFE OPERADORA,Rail,78,"ES,FR,PT",Renfe,published_partial,SW_RENFE_CERCANIAS|SW_RENFE_CATALOGUE,Renfe Cercanías Madrid — zone-based single tickets|Renfe Data — official catalogue and explicit fare-data gap,https://www.renfe.com/es/es/cercanias/cercanias-madrid/tarifas/billetes.html|https://data.renfe.com/es/dataset,Published Madrid Cercanías zone prices verified in official index; service mix and routes unclassified. No current comprehensive AVE/MD/international fare feed verified. Existing Kaggle script is not current official tariff data.,southwest.json
Flixbus,Bus,58,"AT,BE,BG,CH,CZ",FlixBus,access_required,NW_FLIXBUS|NW_FLIX_PARTNER,FlixBus general carriage conditions|FlixBus reseller access,https://global.flixbus.com/terms-and-conditions-of-carriage|https://global.flixbus.com/company/partners/travel-agencies-and-ticket-outlets,Quota-based fare brackets; no public complete monetary matrix verified. Partner access is the official lead.,northwest_fallback
Northern,Rail,45,UK,DFTO,access_required,NW_GB_RSP|NW_GB_SPEC,"RDG industry fares, routeing and timetable data|RDG Fares and Associated Data Feed Specification RSPS5045",https://www.raildeliverygroup.com/our-services/essential-services/rail-data.html|https://www.raildeliverygroup.com/files/Publications/services/rsp/RSPS504502-00FaresandAssociatedDataFeedInterfaceSpecification.pdf,"Use the shared GB fares, restrictions and routeing delivery rather than an operator-page scraper.",northwest_fallback
NS,Rail,44,NL,NS,ready_to_acquire,NW_NS_NDOV,NS tariff delivery and 2026 HRN price table,https://data.ndovloket.nl/tarieven/trein/ns/,Domestic NS rail is already resolved from NDOV. A bus row is conditional replacement transport and needs identity checks.,northwest_fallback
Schweizerische Bundesbahnen SBB,Rail,43,"AT,CH,CZ,DE,FR",SBB,published_partial,DACH_SWISS_OSDM|DACH_SWISS_RULES|DACH_SWISS_T604|DACH_SWISS_OJP,"Beta OSDM Offline Switzerland fare file|Alliance SwissPass tariffs index: T600/T601/T603|T604: concessionaire tariff distances and prices, current rules|Beta OJP Fare: NOVA price-query interface",https://data.opentransportdata.swiss/en/dataset/osdm-offline|https://www.allianceswisspass.ch/de/tarife-vorschriften/uebersicht|https://www.allianceswisspass.ch/de/asp/Downloads?download=2669|https://opentransportdata.swiss/it/cookbook/open-journey-planner-ojp/ojp-fare/,OSDM subset promising but archive validity/OD coverage unverified. T601/T603 access-gated; current T604 delegates pricing to NOVA.,dach.json
OEBB Personenverkehr AG Kundenservice,Rail,37,"AT,BE,CH,CZ,DE",ÖBB,published_partial,DACH_OBB_OD|DACH_OBB_Y_SAMPLE|DACH_OBB_RULES|DACH_OBB_NIGHT,"ÖBB published relation-price tables|ÖBB OD table, origins Y: verified sample shard|Handbuch für Reisen mit den ÖBB in Österreich|ÖBB night trains in Germany, fare ranges",https://www.oebb.at/static/tarife/de/relationspreise/index.html|https://static.web.oebb.at/relationspreise/14122025/y.pdf|https://www.oebb.at/static/tarife/de/handbuch_fuer_reisen_mit_den_oebb_in_oesterreich/index.html|https://www.oebb.at/static/tarife/de/relationspreise/Resources/pdf/3203138955.pdf,"Domestic standard-fare source ready for acquisition. International through fares, local Verbund fares and inventory products need separate resolution.",dach.json
Avanti West Coast,Rail,32,UK,Avanti West Coast,access_required,NW_GB_RSP|NW_GB_SPEC,"RDG industry fares, routeing and timetable data|RDG Fares and Associated Data Feed Specification RSPS5045",https://www.raildeliverygroup.com/our-services/essential-services/rail-data.html|https://www.raildeliverygroup.com/files/Publications/services/rsp/RSPS504502-00FaresandAssociatedDataFeedInterfaceSpecification.pdf,"Use the shared GB fares, restrictions and routeing delivery rather than an operator-page scraper.",northwest_fallback
Great Western Railway,Rail,29,UK,FirstGroup,access_required,NW_GB_RSP|NW_GB_SPEC,"RDG industry fares, routeing and timetable data|RDG Fares and Associated Data Feed Specification RSPS5045",https://www.raildeliverygroup.com/our-services/essential-services/rail-data.html|https://www.raildeliverygroup.com/files/Publications/services/rsp/RSPS504502-00FaresandAssociatedDataFeedInterfaceSpecification.pdf,"Use the shared GB fares, restrictions and routeing delivery rather than an operator-page scraper.",northwest_fallback
Aéroport Nantes Atlantique,Bus,28,"BE,CH,CZ,DE,DK",Nantes Atlantique Airport transport,identity_unresolved,SW_NANTES,Nantes airport passenger shuttle fare — candidate scope,https://www.nantes.aeroport.fr/fr/acces-et-transports/navette-aeroport,"EUR 10 local passenger shuttle fare found, but this agency's foreign country entries are inconsistent with that scope. Verify source agency_url/routes; do not apply the shuttle fare to all credited OD entries.",southwest.json
NMBS/SNCB,Rail,27,"AT,BE,DE,FR,LU",SNCB,published_partial,NW_SNCB_PRICES,SNCB Tarifs 01.02.2026 with second supplement 01.07.2026,https://www.belgiantrain.be/-/media/files/pdf/productfiches/tarifs/version-actuelle/fr/tarifs-version-actuelle.ashx?v=866bc1f2b86a4143814e83fc0c4dba50,The 2026 price-by-tariff-km tables are public; authoritative OD tariff kilometres are still required.,northwest_fallback
FlixBus-de,Bus,26,"AT,BE,BG,CH,CZ",FlixBus,access_required,NW_FLIXBUS|NW_FLIX_PARTNER,FlixBus general carriage conditions|FlixBus reseller access,https://global.flixbus.com/terms-and-conditions-of-carriage|https://global.flixbus.com/company/partners/travel-agencies-and-ticket-outlets,Quota-based fare brackets; no public complete monetary matrix verified. Partner access is the official lead.,northwest_fallback
CFR Călători,Rail,26,RO,CFR,published_partial,EAST_CFR_INTERREGIO_2025,CFR Interregio domestic transport fares by kilometre band,https://www.cfrcalatori.ro/wp-content/uploads/2025/12/Tarife-de-transport-trenuri-Interregio-14.12.2025-1.pdf,Actual official price table indexed; retrieval timeout and complete category/reservation/distance acquisition remain.,east.json
Snälltåget,Rail,23,"AT,DE,DK,NO,SE",Snälltåget,retail_only,NW_SNALLTAGET,Snälltåget fare categories and ticket rules,https://www.snalltaget.se/en/terms-and-conditions,Departure-specific seat/berth/compartment price; public rules do not provide a full monetary OD matrix.,northwest_fallback
Nahreisezug,Bus,21,"DE,PL",Unresolved German bus operator,identity_unresolved,,,,"Generic feed label: recover original agency ID, URL and trip/route evidence before tariff selection.",dach.json
East Midlands Railway,Rail,21,UK,EMR,access_required,NW_GB_RSP|NW_GB_SPEC,"RDG industry fares, routeing and timetable data|RDG Fares and Associated Data Feed Specification RSPS5045",https://www.raildeliverygroup.com/our-services/essential-services/rail-data.html|https://www.raildeliverygroup.com/files/Publications/services/rsp/RSPS504502-00FaresandAssociatedDataFeedInterfaceSpecification.pdf,"Use the shared GB fares, restrictions and routeing delivery rather than an operator-page scraper.",northwest_fallback
NS Int,Rail,20,"AT,BE,CH,DE,FR",NS,published_partial,NW_NS_INT,NS International Eurocity Direct Flex/Saver route price table,https://www.nsinternational.com/en/trains/eurocity-direct,NS International is a distributor/agency label; apply the actual international product and operating carrier regime.,northwest_fallback
DB Regio AG Bayern,Rail,16,"AT,DE",DB,published_partial,DACH_DTV_PRICES|DACH_DTV_DISTANCES|DACH_DTV_RULES|DACH_MVV,"Deutschlandtarif Teil J: Preisliste|Deutschlandtarif Entfernungswerk: tariff points, distances, routes, equivalences|Deutschlandtarif Teil A: scope, precedence and participating EVUs|MVV current ticket and price overview",https://www.deutschlandtarifverbund.de/wp-content/uploads/2025/12/20251118_J_Preisliste_D-Tarif_Dez.2025.pdf|https://www.bahn.de/agb|https://www.deutschlandtarifverbund.de/wp-content/uploads/2026/06/20260528_A-1-TB-DT-Grundsaetze_Juni2026.pdf|https://www.mvv-muenchen.de/tickets-abos-preise/rund-um-tickets/ticket-und-preisuebersicht,"DTV participation/corpus provides a starting point; select land/local tariff by route, product and travel date. No OD coverage test yet.",dach.json
London North Eastern Railway,Rail,16,UK,DFTO,access_required,NW_GB_RSP|NW_GB_SPEC,"RDG industry fares, routeing and timetable data|RDG Fares and Associated Data Feed Specification RSPS5045",https://www.raildeliverygroup.com/our-services/essential-services/rail-data.html|https://www.raildeliverygroup.com/files/Publications/services/rsp/RSPS504502-00FaresandAssociatedDataFeedInterfaceSpecification.pdf,"Use the shared GB fares, restrictions and routeing delivery rather than an operator-page scraper.",northwest_fallback
European Sleeper,Rail,15,"BE,CZ,DE,FR,IT",European Sleeper,published_partial,NW_EU_SLEEPER,European Sleeper pass and accommodation price ranges,https://www.europeansleeper.eu/passes,"Published accommodation ranges are usable bounds, not a complete OD/departure price.",northwest_fallback
"Železničná spoločnosť Slovensko, a.s.",Rail,15,"AT,CH,CZ,DE,HR",ZSSK,published_partial,EAST_ZSSK_PP_2025|EAST_PL_SCIC_NRT_2025,"ZSSK Prepravný poriadok including section D fare tables — version lead|SCIC-NRT 2025–2026, Polish edition prepared by PKP Intercity",https://www.zssk.sk/wp-content/uploads/2025/04/PP-ZSSK-od-2025-05-01-1.pdf|https://polregio.pl/media/28130/scic-nrt-od-14122025-r.pdf,"Monetary domestic publication identified, latest 2026 edition not verified; direct site 502. International country metadata requires itinerary/product audit.",east.json
PolRegio,Rail,14,"DE,PL",Polregio,published_partial,EAST_POLREGIO_TPR_2026|EAST_POLREGIO_MALOPOLSKA_2026|EAST_PL_SCIC_NRT_2025,"POLREGIO current TPR and regulation download index|Taryfa Małopolska: one-way distance-band price table|SCIC-NRT 2025–2026, Polish edition prepared by PKP Intercity",https://polregio.pl/pl/dla-podroznych/pomoc/przepisy-taryfy-ulgi/|https://polregio.pl/media/29142/taryfa-ma%C5%82opolska-za%C5%82-1.pdf|https://polregio.pl/media/28130/scic-nrt-od-14122025-r.pdf,General tariff acquisition plus region/border applicability required; one current regional monetary table verified.,east.json
Hessische Landesbahn GmbH,Rail,11,DE,HLB,published_partial,DACH_DTV_PRICES|DACH_DTV_DISTANCES|DACH_DTV_RULES|DACH_RMV,"Deutschlandtarif Teil J: Preisliste|Deutschlandtarif Entfernungswerk: tariff points, distances, routes, equivalences|Deutschlandtarif Teil A: scope, precedence and participating EVUs|RMV fare rules, regional matrices and 2026 price list",https://www.deutschlandtarifverbund.de/wp-content/uploads/2025/12/20251118_J_Preisliste_D-Tarif_Dez.2025.pdf|https://www.bahn.de/agb|https://www.deutschlandtarifverbund.de/wp-content/uploads/2026/06/20260528_A-1-TB-DT-Grundsaetze_Juni2026.pdf|https://www.rmv.de/c/de/tickets/regeln/befoerderungsbedingungen-tarifbestimmungen/tarifbestimmungen,"DTV participation/corpus provides a starting point; select land/local tariff by route, product and travel date. No OD coverage test yet.",dach.json
DB Regio AG NRW,Rail,11,"BE,DE,NL",DB,published_partial,DACH_DTV_PRICES|DACH_DTV_DISTANCES|DACH_DTV_RULES|DACH_NRW|DACH_WESTFALEN|DACH_VRR,"Deutschlandtarif Teil J: Preisliste|Deutschlandtarif Entfernungswerk: tariff points, distances, routes, equivalences|Deutschlandtarif Teil A: scope, precedence and participating EVUs|NRW-Tarif 2026 scope, products and eezy rules|WestfalenTarif ticket prices and tariff structure|VRR 2026 price table",https://www.deutschlandtarifverbund.de/wp-content/uploads/2025/12/20251118_J_Preisliste_D-Tarif_Dez.2025.pdf|https://www.bahn.de/agb|https://www.deutschlandtarifverbund.de/wp-content/uploads/2026/06/20260528_A-1-TB-DT-Grundsaetze_Juni2026.pdf|https://infoportal.mobil.nrw/nrw-tarif/nrw-tarif-im-ueberblick.html|https://www.westfalentarif.de/tickets-abonnements/ticketpreise|https://www.vrr.de/fileadmin/user_upload/pdf/service/downloads/Weitere_Broschueren_und_Tarifinformationen/VRR_Preise_2026.pdf,"DTV participation/corpus provides a starting point; select land/local tariff by route, product and travel date. No OD coverage test yet.",dach.json
TransPennine Express,Rail,11,UK,DFTO,access_required,NW_GB_RSP|NW_GB_SPEC,"RDG industry fares, routeing and timetable data|RDG Fares and Associated Data Feed Specification RSPS5045",https://www.raildeliverygroup.com/our-services/essential-services/rail-data.html|https://www.raildeliverygroup.com/files/Publications/services/rsp/RSPS504502-00FaresandAssociatedDataFeedInterfaceSpecification.pdf,"Use the shared GB fares, restrictions and routeing delivery rather than an operator-page scraper.",northwest_fallback
MÁV Személyszállítási Zrt. - Helyközi busz,Bus,11,HU,MÁV,ready_to_acquire,EAST_MAV_DOMESTIC_2026,"MÁV Helyközi Menetdíjtáblázat, domestic rail/bus/HÉV",https://www.mavcsoport.hu/sites/default/files/upload/page/helykozi_menetdijtablazat_2._kiadas_ervenyes_2026_06.12-tol.pdf,"Published intercity bus base table and bus-specific reservation supplement found. Need route fare distance, actual service and eligibility.",east.json
SJ,Rail,11,"DE,DK,NO,SE",SJ,access_required,NW_SWEDEN_ACCESS,Samtrafiken sales data and Access OSDM pricing,https://www.trafiklab.se/news/2025/2025-01-01-samtrafiken-sales-data-available/,Swedish sales NeTEx is timetable-only; integrated prices require Samtrafiken Access unless a local table applies.,northwest_fallback
DB AG,Rail,9,"CH,DE",DB,identity_unresolved,DACH_DB_AGB|DACH_DTV_RULES,"DB national/international conditions and supplementary price list|Deutschlandtarif Teil A: scope, precedence and participating EVUs",https://www.bahn.de/agb|https://www.deutschlandtarifverbund.de/wp-content/uploads/2026/06/20260528_A-1-TB-DT-Grundsaetze_Juni2026.pdf,Generic DB label leaves long-distance versus regional service unresolved; inspect train category and route.,dach.json
MÁV,Rail,9,HU,MÁV,ready_to_acquire,EAST_MAV_DOMESTIC_2026,"MÁV Helyközi Menetdíjtáblázat, domestic rail/bus/HÉV",https://www.mavcsoport.hu/sites/default/files/upload/page/helykozi_menetdijtablazat_2._kiadas_ervenyes_2026_06.12-tol.pdf,"Published domestic monetary table; train tariff distances, class and reservation/supplement join still required.",east.json
SÜWEX,Rail,8,"DE,LU",DB,published_partial,DACH_DTV_PRICES|DACH_DTV_DISTANCES|DACH_DTV_RULES|DACH_VRN,"Deutschlandtarif Teil J: Preisliste|Deutschlandtarif Entfernungswerk: tariff points, distances, routes, equivalences|Deutschlandtarif Teil A: scope, precedence and participating EVUs|VRN July 2026 price table and zone-map catalogue",https://www.deutschlandtarifverbund.de/wp-content/uploads/2025/12/20251118_J_Preisliste_D-Tarif_Dez.2025.pdf|https://www.bahn.de/agb|https://www.deutschlandtarifverbund.de/wp-content/uploads/2026/06/20260528_A-1-TB-DT-Grundsaetze_Juni2026.pdf|https://www.vrn.de/mam/tickets/tarif/dokumente/2026/vrn_fahrpreistabelle_7_2026.pdf,"DTV participation/corpus provides a starting point; select land/local tariff by route, product and travel date. No OD coverage test yet.",dach.json
Vr,Rail,8,FI,VR,published_partial,NW_VR_LONG|NW_VR_COMMUTER,VR long-distance single tickets|VR fixed-price commuter tickets,https://www.vr.fi/en/train-tickets/single-ticket-long-distance|https://www.vr.fi/en/train-tickets/single-ticket-commuter-traffic,Long-distance tickets are dynamic; commuter routes are fixed-price but a complete public matrix was not found.,northwest_fallback
Société Nationale des Chemins de fer Français,Rail,8,"CH,FR",SNCF,published_partial,SW_SNCF_TGV|SW_SNCF_IC|SW_SNCF_BASE|SW_ALEOP_ECO,"Tarifs TGV INOUI et OUIGO — official OD fare bounds|Tarifs Intercités — daytime and overnight OD fare bounds|SNCF Tarifs voyageurs, volume 6 — base fare coefficients and product rules|Aléop Eco — TER and specified express coaches",https://ressources.data.sncf.com/explore/dataset/tarifs-tgv-inoui-ouigo/export/|https://ressources.data.sncf.com/explore/dataset/tarifs-intercites/table/|https://www.tgvinoui.sncf/file/tarifs-voyageurs|https://aleop.paysdelaloire.fr/tarifs/billet-aleop-eco,"Operator alias may cover TGV, Intercités, TER and international services. National published bounds and limited base rules exist; classify services and join UIC stations. Alias alone is not tariff identity.",southwest.json
DB Fernverkehr (Codesharing),Rail,7,"AT,CH,CZ,DE,NL",DB,published_partial,DACH_DB_AGB|DACH_DB_FLEX,DB national/international conditions and supplementary price list|DB Flexpreis product and price determinants,https://www.bahn.de/agb|https://www.bahn.de/angebot/sparpreis-flexpreis/flexpreis,Codeshare marketing label requires operating service and ticket-product identification before pricing.,dach.json
Hessische Landesbahn GmbH,Bus,7,DE,HLB,published_partial,DACH_RMV,"RMV fare rules, regional matrices and 2026 price list",https://www.rmv.de/c/de/tickets/regeln/befoerderungsbedingungen-tarifbestimmungen/tarifbestimmungen,RMV is a route-dependent lead; NVV/other local or replacement-bus rules may apply.,dach.json
DB Regio AG Südost,Rail,7,DE,DB,published_partial,DACH_DTV_PRICES|DACH_DTV_DISTANCES|DACH_DTV_RULES|DACH_VMS|DACH_VVO,"Deutschlandtarif Teil J: Preisliste|Deutschlandtarif Entfernungswerk: tariff points, distances, routes, equivalences|Deutschlandtarif Teil A: scope, precedence and participating EVUs|VMS fare overview and current tariff documents|VVO current fare table",https://www.deutschlandtarifverbund.de/wp-content/uploads/2025/12/20251118_J_Preisliste_D-Tarif_Dez.2025.pdf|https://www.bahn.de/agb|https://www.deutschlandtarifverbund.de/wp-content/uploads/2026/06/20260528_A-1-TB-DT-Grundsaetze_Juni2026.pdf|https://www.vms.de/tarif-und-tickets/tickets/alle-tickets/|https://www.vvo-online.de/doc/VVO-Kleingedrucktes-Anlage-7-Preistabelle-Stand-01-04-2026.pdf,"DTV participation/corpus provides a starting point; select land/local tariff by route, product and travel date. No OD coverage test yet.",dach.json
ÖBB,Rail,6,"AT,BE,CH,CZ,DE",ÖBB,published_partial,DACH_OBB_OD|DACH_OBB_Y_SAMPLE|DACH_OBB_RULES|DACH_OBB_NIGHT,"ÖBB published relation-price tables|ÖBB OD table, origins Y: verified sample shard|Handbuch für Reisen mit den ÖBB in Österreich|ÖBB night trains in Germany, fare ranges",https://www.oebb.at/static/tarife/de/relationspreise/index.html|https://static.web.oebb.at/relationspreise/14122025/y.pdf|https://www.oebb.at/static/tarife/de/handbuch_fuer_reisen_mit_den_oebb_in_oesterreich/index.html|https://www.oebb.at/static/tarife/de/relationspreise/Resources/pdf/3203138955.pdf,"Domestic standard-fare source ready for acquisition. International through fares, local Verbund fares and inventory products need separate resolution.",dach.json
Eurostar,Rail,6,"BE,DE,FR,NL,UK",Eurostar,ready_to_acquire,NW_EUROSTAR,"Eurostar official public, group, youth/senior and domestic fare grids",https://eurostarforagents.com/offer/public-fares/fare-range/fares-grids/,Official route/class/fare-code ladders are public; a dated departure still needs quota availability.,northwest_fallback
Bulgarian State Railways,Rail,6,BG,BDZ,ready_to_acquire,EAST_BDZ_PRICES_CURRENT|EAST_BDZ_RULES_2026,BDZ passenger ticket-price tables in EUR|BDZ domestic passenger tariff rules,https://p.bdz.bg/www/t/a/tarifno-izvestie-samo-eur-ok-5296.pdf|https://p.bdz.bg/www/t/a/tarifa-s-kor-km-04052026-4916.pdf,"Current public passenger price tables and rules found; date confirmation, tariff distances and calendar-train selection remain.",east.json
DB Regio Mitte,Bus,6,DE,DB,published_partial,DACH_DTV_PRICES|DACH_DTV_DISTANCES|DACH_DTV_RULES,"Deutschlandtarif Teil J: Preisliste|Deutschlandtarif Entfernungswerk: tariff points, distances, routes, equivalences|Deutschlandtarif Teil A: scope, precedence and participating EVUs",https://www.deutschlandtarifverbund.de/wp-content/uploads/2025/12/20251118_J_Preisliste_D-Tarif_Dez.2025.pdf|https://www.bahn.de/agb|https://www.deutschlandtarifverbund.de/wp-content/uploads/2026/06/20260528_A-1-TB-DT-Grundsaetze_Juni2026.pdf,Tariff links are conditional leads: identify ordinary bus versus rail replacement and actual local jurisdiction before pricing.,dach.json
Nachtzug,Rail,6,"AT,DE",Unresolved night-train agency,identity_unresolved,DACH_OBB_NIGHT,"ÖBB night trains in Germany, fare ranges",https://www.oebb.at/static/tarife/de/relationspreise/Resources/pdf/3203138955.pdf,"Nachtzug describes service type, not a verified operator. ÖBB ranges are a lead only.",dach.json
Greater Anglia,Rail,6,UK,DFTO,access_required,NW_GB_RSP|NW_GB_SPEC,"RDG industry fares, routeing and timetable data|RDG Fares and Associated Data Feed Specification RSPS5045",https://www.raildeliverygroup.com/our-services/essential-services/rail-data.html|https://www.raildeliverygroup.com/files/Publications/services/rsp/RSPS504502-00FaresandAssociatedDataFeedInterfaceSpecification.pdf,"Use the shared GB fares, restrictions and routeing delivery rather than an operator-page scraper.",northwest_fallback
Transport for Wales,Rail,6,UK,Transport for Wales,access_required,NW_GB_RSP|NW_GB_SPEC,"RDG industry fares, routeing and timetable data|RDG Fares and Associated Data Feed Specification RSPS5045",https://www.raildeliverygroup.com/our-services/essential-services/rail-data.html|https://www.raildeliverygroup.com/files/Publications/services/rsp/RSPS504502-00FaresandAssociatedDataFeedInterfaceSpecification.pdf,"Use the shared GB fares, restrictions and routeing delivery rather than an operator-page scraper.",northwest_fallback
Comboios de Portugal,Rail,6,PT,CP,ready_to_acquire,SW_CP_CATALOGUE|SW_CP_AP|SW_CP_IC,CP downloadable train price tables — discovery index|CP Alfa Pendular Lisboa–Porto–Braga 2026 price table|CP Intercidades Lisboa–Porto–Guimarães–Braga–Valença 2026 prices,https://www.cp.pt/info/w/trains-prices-pdf|https://www.cp.pt/info/documents/d/cp/precos-alfa-pendular-lisboa-porto-braga|https://www.cp.pt/info/documents/d/cp/precos-intercidades-lisboa-porto-braga-guimaraes-valenca,"Current 2026 AP/IC nominal OD tables and regional/urban links exist. Parse tables, classify service, and join stations before claiming actual route coverage.",southwest.json
National Express,Rail,5,DE,National Express Rail,published_partial,DACH_DTV_PRICES|DACH_DTV_DISTANCES|DACH_DTV_RULES|DACH_NRW|DACH_WESTFALEN|DACH_VRR,"Deutschlandtarif Teil J: Preisliste|Deutschlandtarif Entfernungswerk: tariff points, distances, routes, equivalences|Deutschlandtarif Teil A: scope, precedence and participating EVUs|NRW-Tarif 2026 scope, products and eezy rules|WestfalenTarif ticket prices and tariff structure|VRR 2026 price table",https://www.deutschlandtarifverbund.de/wp-content/uploads/2025/12/20251118_J_Preisliste_D-Tarif_Dez.2025.pdf|https://www.bahn.de/agb|https://www.deutschlandtarifverbund.de/wp-content/uploads/2026/06/20260528_A-1-TB-DT-Grundsaetze_Juni2026.pdf|https://infoportal.mobil.nrw/nrw-tarif/nrw-tarif-im-ueberblick.html|https://www.westfalentarif.de/tickets-abonnements/ticketpreise|https://www.vrr.de/fileadmin/user_upload/pdf/service/downloads/Weitere_Broschueren_und_Tarifinformationen/VRR_Preise_2026.pdf,"DTV participation/corpus provides a starting point; select land/local tariff by route, product and travel date. No OD coverage test yet.",dach.json
DB Regio AG Nordost,Rail,5,"DE,PL",DB,published_partial,DACH_DTV_PRICES|DACH_DTV_DISTANCES|DACH_DTV_RULES,"Deutschlandtarif Teil J: Preisliste|Deutschlandtarif Entfernungswerk: tariff points, distances, routes, equivalences|Deutschlandtarif Teil A: scope, precedence and participating EVUs",https://www.deutschlandtarifverbund.de/wp-content/uploads/2025/12/20251118_J_Preisliste_D-Tarif_Dez.2025.pdf|https://www.bahn.de/agb|https://www.deutschlandtarifverbund.de/wp-content/uploads/2026/06/20260528_A-1-TB-DT-Grundsaetze_Juni2026.pdf,"DTV participation/corpus provides a starting point; select land/local tariff by route, product and travel date. No OD coverage test yet.",dach.json
Hamburger Verkehrsverbund (hvv),Rail,5,DE,HVV,ready_to_acquire,DACH_HVV,hvv Gemeinschaftstarif and line-by-line tariff assessment files,https://www.hvv.de/de/gemeinschaftstarif,Current prices and directional line assessment files found; needs boarding/alighting and route mapping.,dach.json
OCEdefault,Rail,5,"CH,DE,ES,FR",SNCF,published_partial,SW_SNCF_TGV|SW_SNCF_IC|SW_SNCF_BASE|SW_ALEOP_ECO,"Tarifs TGV INOUI et OUIGO — official OD fare bounds|Tarifs Intercités — daytime and overnight OD fare bounds|SNCF Tarifs voyageurs, volume 6 — base fare coefficients and product rules|Aléop Eco — TER and specified express coaches",https://ressources.data.sncf.com/explore/dataset/tarifs-tgv-inoui-ouigo/export/|https://ressources.data.sncf.com/explore/dataset/tarifs-intercites/table/|https://www.tgvinoui.sncf/file/tarifs-voyageurs|https://aleop.paysdelaloire.fr/tarifs/billet-aleop-eco,"Operator alias may cover TGV, Intercités, TER and international services. National published bounds and limited base rules exist; classify services and join UIC stations. Alias alone is not tariff identity.",southwest.json
Société Nationale des Chemins de fer Français,Bus,5,"CH,FR",SNCF,published_partial,SW_SNCF_BASE|SW_ALEOP_ECO,"SNCF Tarifs voyageurs, volume 6 — base fare coefficients and product rules|Aléop Eco — TER and specified express coaches",https://www.tgvinoui.sncf/file/tarifs-voyageurs|https://aleop.paysdelaloire.fr/tarifs/billet-aleop-eco,Region and actual route/product must be identified. SNCF national coefficients are not universal TER fares; replacement buses may retain the associated rail ticket. Aléop source covers only its specified regional services.,southwest.json
Bravo (Arriva),Bus,5,"BE,NL",Arriva,identity_unresolved,NW_NDOV_BUS,NDOV bus tariff bundles and zones,https://data.ndovloket.nl/tarieven/,The agency/country combination is inconsistent; resolve its GTFS feed and concession before applying a tariff.,northwest_fallback
Thameslink,Rail,5,UK,DFTO,access_required,NW_GB_RSP|NW_GB_SPEC,"RDG industry fares, routeing and timetable data|RDG Fares and Associated Data Feed Specification RSPS5045",https://www.raildeliverygroup.com/our-services/essential-services/rail-data.html|https://www.raildeliverygroup.com/files/Publications/services/rsp/RSPS504502-00FaresandAssociatedDataFeedInterfaceSpecification.pdf,"Use the shared GB fares, restrictions and routeing delivery rather than an operator-page scraper.",northwest_fallback
Northern,Bus,5,UK,DFTO,access_required,NW_GB_RSP|NW_GB_SPEC,"RDG industry fares, routeing and timetable data|RDG Fares and Associated Data Feed Specification RSPS5045",https://www.raildeliverygroup.com/our-services/essential-services/rail-data.html|https://www.raildeliverygroup.com/files/Publications/services/rsp/RSPS504502-00FaresandAssociatedDataFeedInterfaceSpecification.pdf,"Use the shared GB fares, restrictions and routeing delivery rather than an operator-page scraper. This bus-labelled row may be replacement transport; verify ticket acceptance and service identity.",northwest_fallback
agilis,Rail,4,DE,agilis,published_partial,DACH_DTV_PRICES|DACH_DTV_DISTANCES|DACH_DTV_RULES,"Deutschlandtarif Teil J: Preisliste|Deutschlandtarif Entfernungswerk: tariff points, distances, routes, equivalences|Deutschlandtarif Teil A: scope, precedence and participating EVUs",https://www.deutschlandtarifverbund.de/wp-content/uploads/2025/12/20251118_J_Preisliste_D-Tarif_Dez.2025.pdf|https://www.bahn.de/agb|https://www.deutschlandtarifverbund.de/wp-content/uploads/2026/06/20260528_A-1-TB-DT-Grundsaetze_Juni2026.pdf,"DTV participation/corpus provides a starting point; select land/local tariff by route, product and travel date. No OD coverage test yet.",dach.json
DB ZugBus Regionalverkehr Alb-Bodensee GmbH,Bus,4,"CH,DE",DB,published_partial,DACH_DTV_PRICES|DACH_DTV_DISTANCES|DACH_DTV_RULES|DACH_BWTARIF,"Deutschlandtarif Teil J: Preisliste|Deutschlandtarif Entfernungswerk: tariff points, distances, routes, equivalences|Deutschlandtarif Teil A: scope, precedence and participating EVUs|bwtarif Anlage 8, single-fare price table",https://www.deutschlandtarifverbund.de/wp-content/uploads/2025/12/20251118_J_Preisliste_D-Tarif_Dez.2025.pdf|https://www.bahn.de/agb|https://www.deutschlandtarifverbund.de/wp-content/uploads/2026/06/20260528_A-1-TB-DT-Grundsaetze_Juni2026.pdf|https://www.bwegt.de/fileadmin/media/PDF/bwtarif-Dokumente/bwtarif_Anlage-8-Preisliste-Relationstarif_14-12-2025.pdf,Tariff links are conditional leads: identify ordinary bus versus rail replacement and actual local jurisdiction before pricing.,dach.json
DB Regio AG Baden-Württemberg,Rail,4,"CH,DE,FR",DB,published_partial,DACH_DTV_PRICES|DACH_DTV_DISTANCES|DACH_DTV_RULES|DACH_BWTARIF,"Deutschlandtarif Teil J: Preisliste|Deutschlandtarif Entfernungswerk: tariff points, distances, routes, equivalences|Deutschlandtarif Teil A: scope, precedence and participating EVUs|bwtarif Anlage 8, single-fare price table",https://www.deutschlandtarifverbund.de/wp-content/uploads/2025/12/20251118_J_Preisliste_D-Tarif_Dez.2025.pdf|https://www.bahn.de/agb|https://www.deutschlandtarifverbund.de/wp-content/uploads/2026/06/20260528_A-1-TB-DT-Grundsaetze_Juni2026.pdf|https://www.bwegt.de/fileadmin/media/PDF/bwtarif-Dokumente/bwtarif_Anlage-8-Preisliste-Relationstarif_14-12-2025.pdf,"DTV participation/corpus provides a starting point; select land/local tariff by route, product and travel date. No OD coverage test yet.",dach.json
DB Regio AG Mitte Region Südwest,Rail,4,"DE,LU",DB,published_partial,DACH_DTV_PRICES|DACH_DTV_DISTANCES|DACH_DTV_RULES|DACH_VRN,"Deutschlandtarif Teil J: Preisliste|Deutschlandtarif Entfernungswerk: tariff points, distances, routes, equivalences|Deutschlandtarif Teil A: scope, precedence and participating EVUs|VRN July 2026 price table and zone-map catalogue",https://www.deutschlandtarifverbund.de/wp-content/uploads/2025/12/20251118_J_Preisliste_D-Tarif_Dez.2025.pdf|https://www.bahn.de/agb|https://www.deutschlandtarifverbund.de/wp-content/uploads/2026/06/20260528_A-1-TB-DT-Grundsaetze_Juni2026.pdf|https://www.vrn.de/mam/tickets/tarif/dokumente/2026/vrn_fahrpreistabelle_7_2026.pdf,"DTV participation/corpus provides a starting point; select land/local tariff by route, product and travel date. No OD coverage test yet.",dach.json
DB Regio AG Nord,Bus,4,DE,DB,published_partial,DACH_DTV_PRICES|DACH_DTV_DISTANCES|DACH_DTV_RULES|DACH_NIEDERSACHSEN|DACH_HVV,"Deutschlandtarif Teil J: Preisliste|Deutschlandtarif Entfernungswerk: tariff points, distances, routes, equivalences|Deutschlandtarif Teil A: scope, precedence and participating EVUs|Niedersachsentarif price matrix|hvv Gemeinschaftstarif and line-by-line tariff assessment files",https://www.deutschlandtarifverbund.de/wp-content/uploads/2025/12/20251118_J_Preisliste_D-Tarif_Dez.2025.pdf|https://www.bahn.de/agb|https://www.deutschlandtarifverbund.de/wp-content/uploads/2026/06/20260528_A-1-TB-DT-Grundsaetze_Juni2026.pdf|https://www.niedersachsentarif.de/wp-content/uploads/2025/12/Preismatrix_Niedersachsentarif_gueltig_ab_14.12.2025.pdf|https://www.hvv.de/de/gemeinschaftstarif,Tariff links are conditional leads: identify ordinary bus versus rail replacement and actual local jurisdiction before pricing.,dach.json
"Bilmanbus,S.L.",Bus,4,ES,Bilman Bus,retail_only,SW_BILMAN,Bilman Bus official retail and ticket conditions,https://web.bilmanbus.es/tu-billete/,Official retail and rules found; ordinary OD tariff table not verified. Retail presence does not establish yield management.,southwest.json
Trains Express Régionaux,Bus,4,"CH,DE,FR,LU",SNCF,published_partial,SW_SNCF_BASE|SW_ALEOP_ECO,"SNCF Tarifs voyageurs, volume 6 — base fare coefficients and product rules|Aléop Eco — TER and specified express coaches",https://www.tgvinoui.sncf/file/tarifs-voyageurs|https://aleop.paysdelaloire.fr/tarifs/billet-aleop-eco,Region and actual route/product must be identified. SNCF national coefficients are not universal TER fares; replacement buses may retain the associated rail ticket. Aléop source covers only its specified regional services.,southwest.json
Grand Central,Rail,4,UK,Grand Central,access_required,NW_GB_RSP|NW_GB_SPEC,"RDG industry fares, routeing and timetable data|RDG Fares and Associated Data Feed Specification RSPS5045",https://www.raildeliverygroup.com/our-services/essential-services/rail-data.html|https://www.raildeliverygroup.com/files/Publications/services/rsp/RSPS504502-00FaresandAssociatedDataFeedInterfaceSpecification.pdf,"Use the shared GB fares, restrictions and routeing delivery rather than an operator-page scraper.",northwest_fallback
South Western Railway,Rail,4,UK,DFTO,access_required,NW_GB_RSP|NW_GB_SPEC,"RDG industry fares, routeing and timetable data|RDG Fares and Associated Data Feed Specification RSPS5045",https://www.raildeliverygroup.com/our-services/essential-services/rail-data.html|https://www.raildeliverygroup.com/files/Publications/services/rsp/RSPS504502-00FaresandAssociatedDataFeedInterfaceSpecification.pdf,"Use the shared GB fares, restrictions and routeing delivery rather than an operator-page scraper.",northwest_fallback
Oebb Personenverkehr AG Kundenservice,Rail,3,"AT,BE,CZ,DE,FR",ÖBB,published_partial,DACH_OBB_OD|DACH_OBB_Y_SAMPLE|DACH_OBB_RULES|DACH_OBB_NIGHT,"ÖBB published relation-price tables|ÖBB OD table, origins Y: verified sample shard|Handbuch für Reisen mit den ÖBB in Österreich|ÖBB night trains in Germany, fare ranges",https://www.oebb.at/static/tarife/de/relationspreise/index.html|https://static.web.oebb.at/relationspreise/14122025/y.pdf|https://www.oebb.at/static/tarife/de/handbuch_fuer_reisen_mit_den_oebb_in_oesterreich/index.html|https://www.oebb.at/static/tarife/de/relationspreise/Resources/pdf/3203138955.pdf,"Domestic standard-fare source ready for acquisition. International through fares, local Verbund fares and inventory products need separate resolution.",dach.json
NMBS/SNCB,Bus,3,BE,SNCB,published_partial,NW_SNCB_PRICES,SNCB Tarifs 01.02.2026 with second supplement 01.07.2026,https://www.belgiantrain.be/-/media/files/pdf/productfiches/tarifs/version-actuelle/fr/tarifs-version-actuelle.ashx?v=866bc1f2b86a4143814e83fc0c4dba50,The 2026 price-by-tariff-km tables are public; authoritative OD tariff kilometres are still required. Verify whether the row is rail replacement before applying the rail ticket.,northwest_fallback
Eurobahn,Rail,3,"DE,NL",Eurobahn,published_partial,DACH_DTV_PRICES|DACH_DTV_DISTANCES|DACH_DTV_RULES|DACH_NRW|DACH_WESTFALEN|DACH_VRR,"Deutschlandtarif Teil J: Preisliste|Deutschlandtarif Entfernungswerk: tariff points, distances, routes, equivalences|Deutschlandtarif Teil A: scope, precedence and participating EVUs|NRW-Tarif 2026 scope, products and eezy rules|WestfalenTarif ticket prices and tariff structure|VRR 2026 price table",https://www.deutschlandtarifverbund.de/wp-content/uploads/2025/12/20251118_J_Preisliste_D-Tarif_Dez.2025.pdf|https://www.bahn.de/agb|https://www.deutschlandtarifverbund.de/wp-content/uploads/2026/06/20260528_A-1-TB-DT-Grundsaetze_Juni2026.pdf|https://infoportal.mobil.nrw/nrw-tarif/nrw-tarif-im-ueberblick.html|https://www.westfalentarif.de/tickets-abonnements/ticketpreise|https://www.vrr.de/fileadmin/user_upload/pdf/service/downloads/Weitere_Broschueren_und_Tarifinformationen/VRR_Preise_2026.pdf,"DTV participation/corpus provides a starting point; select land/local tariff by route, product and travel date. No OD coverage test yet.",dach.json
DB Fernverkehr AG,Bus,3,"CH,CZ,DE",DB,published_partial,DACH_DB_AGB|DACH_DB_FLEX,DB national/international conditions and supplementary price list|DB Flexpreis product and price determinants,https://www.bahn.de/agb|https://www.bahn.de/angebot/sparpreis-flexpreis/flexpreis,"Determine whether replacement, marketed coach or separate service; DB rail base fare is not proven for this bus row.",dach.json
DB Regio AG Nord,Rail,3,DE,DB,published_partial,DACH_DTV_PRICES|DACH_DTV_DISTANCES|DACH_DTV_RULES|DACH_NIEDERSACHSEN|DACH_HVV,"Deutschlandtarif Teil J: Preisliste|Deutschlandtarif Entfernungswerk: tariff points, distances, routes, equivalences|Deutschlandtarif Teil A: scope, precedence and participating EVUs|Niedersachsentarif price matrix|hvv Gemeinschaftstarif and line-by-line tariff assessment files",https://www.deutschlandtarifverbund.de/wp-content/uploads/2025/12/20251118_J_Preisliste_D-Tarif_Dez.2025.pdf|https://www.bahn.de/agb|https://www.deutschlandtarifverbund.de/wp-content/uploads/2026/06/20260528_A-1-TB-DT-Grundsaetze_Juni2026.pdf|https://www.niedersachsentarif.de/wp-content/uploads/2025/12/Preismatrix_Niedersachsentarif_gueltig_ab_14.12.2025.pdf|https://www.hvv.de/de/gemeinschaftstarif,"DTV participation/corpus provides a starting point; select land/local tariff by route, product and travel date. No OD coverage test yet.",dach.json
OnniBus,Bus,3,FI,Koiviston Auto,access_required,NORDIC_ONNIBUS_API,OnniBus booking API v2.0.0,https://booking-api-mg.onnibus.com/store/apis/info?name=rest.booking-api.onnibus.com&provider=admin&version=2.0.0,Documented dynamic-fare API requires access; Koiviston group label is not a common fare system. OnniBus documents a journey-search/booking API; bearer and channel credentials are required.,nordic_details.json|northwest_fallback
Mitteldeutsche Regiobahn,Rail,3,DE,Transdev,published_partial,DACH_DTV_PRICES|DACH_DTV_DISTANCES|DACH_DTV_RULES|DACH_VMS|DACH_VVO,"Deutschlandtarif Teil J: Preisliste|Deutschlandtarif Entfernungswerk: tariff points, distances, routes, equivalences|Deutschlandtarif Teil A: scope, precedence and participating EVUs|VMS fare overview and current tariff documents|VVO current fare table",https://www.deutschlandtarifverbund.de/wp-content/uploads/2025/12/20251118_J_Preisliste_D-Tarif_Dez.2025.pdf|https://www.bahn.de/agb|https://www.deutschlandtarifverbund.de/wp-content/uploads/2026/06/20260528_A-1-TB-DT-Grundsaetze_Juni2026.pdf|https://www.vms.de/tarif-und-tickets/tickets/alle-tickets/|https://www.vvo-online.de/doc/VVO-Kleingedrucktes-Anlage-7-Preistabelle-Stand-01-04-2026.pdf,"DTV participation/corpus provides a starting point; select land/local tariff by route, product and travel date. No OD coverage test yet.",dach.json
CAR_HDF_59_2,Bus,3,FR,Hauts-de-France Mobilités,not_verified,SW_HDF,Hauts-de-France Nord coach tariff pages — unresolved price validity,https://arcenciel.hautsdefrance.fr/arcenciel2/ba/TARIFICATION,"Official sector tariff portal found, direct fetch failed; indexed EUR 1/EUR 2 notices conflict. Current document and sector/route join needed.",southwest.json
East Midlands Railway,Bus,3,UK,EMR,access_required,NW_GB_RSP|NW_GB_SPEC,"RDG industry fares, routeing and timetable data|RDG Fares and Associated Data Feed Specification RSPS5045",https://www.raildeliverygroup.com/our-services/essential-services/rail-data.html|https://www.raildeliverygroup.com/files/Publications/services/rsp/RSPS504502-00FaresandAssociatedDataFeedInterfaceSpecification.pdf,"Use the shared GB fares, restrictions and routeing delivery rather than an operator-page scraper. This bus-labelled row may be replacement transport; verify ticket acceptance and service identity.",northwest_fallback
Trenord,Rail,3,IT,Trenord,ready_to_acquire,SW_TRENORD,Trenord complete tariff table — September 2026,https://www.trenord.it/fileadmin/contenuti/TRENORD/4-Info_e_assistenza/Informazioni_utili/Condizioni_di_trasporto/Condizioni_di_trasporto_IN_VIGORE/AvvisoA3Trenord_2026_179_Tariffario.pdf,Complete tariff table valid 1 September 2026 found; exact ordinary OD prices still require official tariff distances and exceptions.,southwest.json
RRReis,Bus,3,NL,RRReis,published_partial,NW_NDOV_BUS|NW_RRREIS_FLEX,NDOV bus tariff bundles and zones|RRReis flex fares,https://data.ndovloket.nl/tarieven/|https://www.rrreis.nl/flex,Resolve the concession and fixed-route/flex product before selecting a fare table.,northwest_fallback
SBB Infrastruktur AG Bahnersatz,Bus,2,CH,SBB,published_partial,DACH_SWISS_OSDM|DACH_SWISS_RULES|DACH_SWISS_T604|DACH_SWISS_OJP,"Beta OSDM Offline Switzerland fare file|Alliance SwissPass tariffs index: T600/T601/T603|T604: concessionaire tariff distances and prices, current rules|Beta OJP Fare: NOVA price-query interface",https://data.opentransportdata.swiss/en/dataset/osdm-offline|https://www.allianceswisspass.ch/de/tarife-vorschriften/uebersicht|https://www.allianceswisspass.ch/de/asp/Downloads?download=2669|https://opentransportdata.swiss/it/cookbook/open-journey-planner-ojp/ojp-fare/,Bahnersatz: match to original ticket/service before attributing fare; no independent bus price verified.,dach.json
Ceske Drahy,Rail,2,"AT,CZ,HU,SK",ČD,published_partial,EAST_CD_DOMESTIC_2025|EAST_CD_INTERNATIONAL_2025,"ČD domestic tariff, amendment 4, including kilometre fare table|ČD TPPM — actual NRT Czech-portion price table and bilateral products",https://www.cd.cz/assets/info/cim-se-ridime/tarif-cd_zmena-3.pdf|https://www.cd.cz/assets/info/cim-se-ridime/tppm_1.pdf,Domestic prices and Czech international NRT portion published. Full through fare needs product/channel and foreign portions; tariff kilometres per official timetable.,east.json
LEO Express,Rail,2,"CZ,DE",Leo Express,published_partial,EAST_LEO_GLOBAL_RULES|EAST_LEO_TENDERS_MATRIX,Leo Express Global/s.r.o. commercial tariff rules|Leo Express Tenders basic OD fare matrix,https://www.leoexpress.com/assets/c8286d4d-bff3-4363-913b-3483d8372a70/45c47e6e-b309-4bc5-b509-0c4923116a78/1_Tarify_EN_30_05_2024.pdf|https://assets-us-01.kc-usercontent.com/c8286d4d-bff3-4363-913b-3483d8372a70/a0c119b9-dbe0-4108-ad3c-6fdb56e90f01/TD_POP_a_MOP_LET_tab_V_15_12_24_Cenik_LET_static.pdf,Commercial/global versus regional LET service entity not resolved from alias. LET matrix must not price commercial long-distance services.,east.json
Leo Express,Rail,2,"CZ,DE,PL",Leo Express,published_partial,EAST_LEO_GLOBAL_RULES|EAST_LEO_TENDERS_MATRIX,Leo Express Global/s.r.o. commercial tariff rules|Leo Express Tenders basic OD fare matrix,https://www.leoexpress.com/assets/c8286d4d-bff3-4363-913b-3483d8372a70/45c47e6e-b309-4bc5-b509-0c4923116a78/1_Tarify_EN_30_05_2024.pdf|https://assets-us-01.kc-usercontent.com/c8286d4d-bff3-4363-913b-3483d8372a70/a0c119b9-dbe0-4108-ad3c-6fdb56e90f01/TD_POP_a_MOP_LET_tab_V_15_12_24_Cenik_LET_static.pdf,Same operator label covers different fare systems; actual routes and service entity determine whether matrix applies.,east.json
MEGABUSTRANS s.r.o.,Bus,2,CZ,MEGABUSTRANS,not_verified,,,,"No official fare source located. Official Slovak timetable register search identifies MEGABUSTRANS on international services, but model route and tariff are unresolved; inspect GTFS route and CIS/JISCD permit.",east.json
FlixBus,Bus,2,"BE,CZ,DE,DK,FR",FlixBus,access_required,NW_FLIXBUS|NW_FLIX_PARTNER,FlixBus general carriage conditions|FlixBus reseller access,https://global.flixbus.com/terms-and-conditions-of-carriage|https://global.flixbus.com/company/partners/travel-agencies-and-ticket-outlets,Quota-based fare brackets; no public complete monetary matrix verified. Partner access is the official lead.,northwest_fallback
Eurobahn,Bus,2,"DE,NL",Eurobahn,published_partial,DACH_DTV_PRICES|DACH_DTV_DISTANCES|DACH_DTV_RULES|DACH_NRW|DACH_WESTFALEN|DACH_VRR,"Deutschlandtarif Teil J: Preisliste|Deutschlandtarif Entfernungswerk: tariff points, distances, routes, equivalences|Deutschlandtarif Teil A: scope, precedence and participating EVUs|NRW-Tarif 2026 scope, products and eezy rules|WestfalenTarif ticket prices and tariff structure|VRR 2026 price table",https://www.deutschlandtarifverbund.de/wp-content/uploads/2025/12/20251118_J_Preisliste_D-Tarif_Dez.2025.pdf|https://www.bahn.de/agb|https://www.deutschlandtarifverbund.de/wp-content/uploads/2026/06/20260528_A-1-TB-DT-Grundsaetze_Juni2026.pdf|https://infoportal.mobil.nrw/nrw-tarif/nrw-tarif-im-ueberblick.html|https://www.westfalentarif.de/tickets-abonnements/ticketpreise|https://www.vrr.de/fileadmin/user_upload/pdf/service/downloads/Weitere_Broschueren_und_Tarifinformationen/VRR_Preise_2026.pdf,Tariff links are conditional leads: identify ordinary bus versus rail replacement and actual local jurisdiction before pricing.,dach.json
DB Regio Stuttgart GmbH,Rail,2,DE,DB,published_partial,DACH_DTV_PRICES|DACH_DTV_DISTANCES|DACH_DTV_RULES|DACH_BWTARIF,"Deutschlandtarif Teil J: Preisliste|Deutschlandtarif Entfernungswerk: tariff points, distances, routes, equivalences|Deutschlandtarif Teil A: scope, precedence and participating EVUs|bwtarif Anlage 8, single-fare price table",https://www.deutschlandtarifverbund.de/wp-content/uploads/2025/12/20251118_J_Preisliste_D-Tarif_Dez.2025.pdf|https://www.bahn.de/agb|https://www.deutschlandtarifverbund.de/wp-content/uploads/2026/06/20260528_A-1-TB-DT-Grundsaetze_Juni2026.pdf|https://www.bwegt.de/fileadmin/media/PDF/bwtarif-Dokumente/bwtarif_Anlage-8-Preisliste-Relationstarif_14-12-2025.pdf,"DTV participation/corpus provides a starting point; select land/local tariff by route, product and travel date. No OD coverage test yet.",dach.json
Deutsche Bahn AG,Rail,2,DE,DB,identity_unresolved,DACH_DB_AGB|DACH_DTV_RULES,"DB national/international conditions and supplementary price list|Deutschlandtarif Teil A: scope, precedence and participating EVUs",https://www.bahn.de/agb|https://www.deutschlandtarifverbund.de/wp-content/uploads/2026/06/20260528_A-1-TB-DT-Grundsaetze_Juni2026.pdf,Generic DB label leaves long-distance versus regional service unresolved; inspect train category and route.,dach.json
FlixTrain-de,Rail,2,"CH,DE",FlixTrain,published_partial,DACH_FLIXTRAIN,FlixTrain tariff provisions and OD minimum/maximum lists,https://www.flixtrain.de/tarifbestimmungen,"Published OD min/max bounds; 2024 edition still linked. Current available price, inventory and 2026 route match unresolved.",dach.json
Abellio Rail Mitteldeutschland GmbH,Rail,2,DE,Abellio Rail Mitteldeutschland,published_partial,DACH_DTV_PRICES|DACH_DTV_DISTANCES|DACH_DTV_RULES,"Deutschlandtarif Teil J: Preisliste|Deutschlandtarif Entfernungswerk: tariff points, distances, routes, equivalences|Deutschlandtarif Teil A: scope, precedence and participating EVUs",https://www.deutschlandtarifverbund.de/wp-content/uploads/2025/12/20251118_J_Preisliste_D-Tarif_Dez.2025.pdf|https://www.bahn.de/agb|https://www.deutschlandtarifverbund.de/wp-content/uploads/2026/06/20260528_A-1-TB-DT-Grundsaetze_Juni2026.pdf,"DTV participation/corpus provides a starting point; select land/local tariff by route, product and travel date. No OD coverage test yet.",dach.json
Flixbus Polska sp.o.o,Bus,2,"CZ,EE,LT,LV,PL",FlixBus,access_required,NW_FLIXBUS|NW_FLIX_PARTNER,FlixBus general carriage conditions|FlixBus reseller access,https://global.flixbus.com/terms-and-conditions-of-carriage|https://global.flixbus.com/company/partners/travel-agencies-and-ticket-outlets,Quota-based fare brackets; no public complete monetary matrix verified. Partner access is the official lead.,northwest_fallback
DB Regio AG Bayern,Bus,2,DE,DB,published_partial,DACH_DTV_PRICES|DACH_DTV_DISTANCES|DACH_DTV_RULES|DACH_MVV,"Deutschlandtarif Teil J: Preisliste|Deutschlandtarif Entfernungswerk: tariff points, distances, routes, equivalences|Deutschlandtarif Teil A: scope, precedence and participating EVUs|MVV current ticket and price overview",https://www.deutschlandtarifverbund.de/wp-content/uploads/2025/12/20251118_J_Preisliste_D-Tarif_Dez.2025.pdf|https://www.bahn.de/agb|https://www.deutschlandtarifverbund.de/wp-content/uploads/2026/06/20260528_A-1-TB-DT-Grundsaetze_Juni2026.pdf|https://www.mvv-muenchen.de/tickets-abos-preise/rund-um-tickets/ticket-und-preisuebersicht,Tariff links are conditional leads: identify ordinary bus versus rail replacement and actual local jurisdiction before pricing.,dach.json
Schwäbische Alb-Bahn,Rail,2,DE,SAB,published_partial,DACH_DTV_PRICES|DACH_DTV_DISTANCES|DACH_DTV_RULES|DACH_BWTARIF,"Deutschlandtarif Teil J: Preisliste|Deutschlandtarif Entfernungswerk: tariff points, distances, routes, equivalences|Deutschlandtarif Teil A: scope, precedence and participating EVUs|bwtarif Anlage 8, single-fare price table",https://www.deutschlandtarifverbund.de/wp-content/uploads/2025/12/20251118_J_Preisliste_D-Tarif_Dez.2025.pdf|https://www.bahn.de/agb|https://www.deutschlandtarifverbund.de/wp-content/uploads/2026/06/20260528_A-1-TB-DT-Grundsaetze_Juni2026.pdf|https://www.bwegt.de/fileadmin/media/PDF/bwtarif-Dokumente/bwtarif_Anlage-8-Preisliste-Relationstarif_14-12-2025.pdf,"DTV participation/corpus provides a starting point; select land/local tariff by route, product and travel date. No OD coverage test yet.",dach.json
vlexx,Rail,2,DE,NETINERA,published_partial,DACH_DTV_PRICES|DACH_DTV_DISTANCES|DACH_DTV_RULES,"Deutschlandtarif Teil J: Preisliste|Deutschlandtarif Entfernungswerk: tariff points, distances, routes, equivalences|Deutschlandtarif Teil A: scope, precedence and participating EVUs",https://www.deutschlandtarifverbund.de/wp-content/uploads/2025/12/20251118_J_Preisliste_D-Tarif_Dez.2025.pdf|https://www.bahn.de/agb|https://www.deutschlandtarifverbund.de/wp-content/uploads/2026/06/20260528_A-1-TB-DT-Grundsaetze_Juni2026.pdf,"DTV participation/corpus provides a starting point; select land/local tariff by route, product and travel date. No OD coverage test yet.",dach.json
Bus6,Bus,2,DE,Unresolved German bus operator,identity_unresolved,,,,"Generic feed label: recover original agency ID, URL and trip/route evidence before tariff selection.",dach.json
Nebenbahn Gaildorf-Untergröningen,Rail,2,DE,Nebenbahn Gaildorf-Untergröningen,identity_unresolved,,,,Resolve historical-looking agency label against original GTFS agency URL and actual trips; current passenger fare not established.,dach.json
Bus8,Bus,2,DE,Unresolved German bus operator,identity_unresolved,,,,"Generic feed label: recover original agency ID, URL and trip/route evidence before tariff selection.",dach.json
NVBW,Rail,2,"CH,DE,FR",NVBW,identity_unresolved,DACH_BWTARIF,"bwtarif Anlage 8, single-fare price table",https://www.bwegt.de/fileadmin/media/PDF/bwtarif-Dokumente/bwtarif_Anlage-8-Preisliste-Relationstarif_14-12-2025.pdf,Regional authority/feed label cannot identify a carrier or one tariff; recover service and stop scope.,dach.json
RMV,Bus,2,DE,RMV,published_partial,DACH_RMV,"RMV fare rules, regional matrices and 2026 price list",https://www.rmv.de/c/de/tickets/regeln/befoerderungsbedingungen-tarifbestimmungen/tarifbestimmungen,Prices and matrix architecture found; acquire matrices and resolve stop/route tariff IDs.,dach.json
rab,Bus,2,"CH,DE",DB,published_partial,DACH_DTV_PRICES|DACH_DTV_DISTANCES|DACH_DTV_RULES|DACH_BWTARIF,"Deutschlandtarif Teil J: Preisliste|Deutschlandtarif Entfernungswerk: tariff points, distances, routes, equivalences|Deutschlandtarif Teil A: scope, precedence and participating EVUs|bwtarif Anlage 8, single-fare price table",https://www.deutschlandtarifverbund.de/wp-content/uploads/2025/12/20251118_J_Preisliste_D-Tarif_Dez.2025.pdf|https://www.bahn.de/agb|https://www.deutschlandtarifverbund.de/wp-content/uploads/2026/06/20260528_A-1-TB-DT-Grundsaetze_Juni2026.pdf|https://www.bwegt.de/fileadmin/media/PDF/bwtarif-Dokumente/bwtarif_Anlage-8-Preisliste-Relationstarif_14-12-2025.pdf,Tariff links are conditional leads: identify ordinary bus versus rail replacement and actual local jurisdiction before pricing.,dach.json
MittelSachsen,Bus,2,"CZ,DE",VMS,published_partial,DACH_VMS,VMS fare overview and current tariff documents,https://www.vms.de/tarif-und-tickets/tickets/alle-tickets/,Current local price and zone sources found; confirm actual agency route and any cross-border product.,dach.json
OCEdefault,Bus,2,"CH,FR,LU",SNCF,published_partial,SW_SNCF_BASE|SW_ALEOP_ECO,"SNCF Tarifs voyageurs, volume 6 — base fare coefficients and product rules|Aléop Eco — TER and specified express coaches",https://www.tgvinoui.sncf/file/tarifs-voyageurs|https://aleop.paysdelaloire.fr/tarifs/billet-aleop-eco,Region and actual route/product must be identified. SNCF national coefficients are not universal TER fares; replacement buses may retain the associated rail ticket. Aléop source covers only its specified regional services.,southwest.json
Mälartåg ersättningstrafik,Rail,2,SE,Transdev,published_partial,NORDIC_MALARTAG_FIXED_RULES|NORDIC_MALARTAG_REGIONAL_RULES|NORDIC_MALARTAG_REPLACEMENT_RULES|NORDIC_UL_2026|NW_SWEDEN_ACCESS,Mälartåg single tickets: fixed-price product|Other single tickets accepted on Mälartåg|Mälartåg FAQ: cancelled departures and replacement service|UL ticket prices and network validity|Samtrafiken sales data and Access OSDM pricing,https://www.malardalstrafik.se/biljetter/maelartaag-enkelbiljett/|https://www.malardalstrafik.se/biljetter/andra-enkelbiljetter-foer-maelartaag/|https://www.malardalstrafik.se/kundservice/vanliga-fraagor/?category=Ers%C3%A4ttning+vid+f%C3%B6rsening|https://www.ul.se/biljetter/vara-biljetter/vara-biljetter/|https://www.trafiklab.se/news/2025/2025-01-01-samtrafiken-sales-data-available/,Mälardalstrafik owns fixed/regionally integrated fares. Rail row also says replacement service; inspect trip identity. Full own-fare matrix absent. Swedish sales NeTEx is timetable-only; integrated prices require Samtrafiken Access unless a local table applies.,nordic_details.json|northwest_fallback
NordWestBahn,Bus,2,DE,Transdev,published_partial,DACH_DTV_PRICES|DACH_DTV_DISTANCES|DACH_DTV_RULES|DACH_NIEDERSACHSEN|DACH_WESTFALEN|DACH_NRW,"Deutschlandtarif Teil J: Preisliste|Deutschlandtarif Entfernungswerk: tariff points, distances, routes, equivalences|Deutschlandtarif Teil A: scope, precedence and participating EVUs|Niedersachsentarif price matrix|WestfalenTarif ticket prices and tariff structure|NRW-Tarif 2026 scope, products and eezy rules",https://www.deutschlandtarifverbund.de/wp-content/uploads/2025/12/20251118_J_Preisliste_D-Tarif_Dez.2025.pdf|https://www.bahn.de/agb|https://www.deutschlandtarifverbund.de/wp-content/uploads/2026/06/20260528_A-1-TB-DT-Grundsaetze_Juni2026.pdf|https://www.niedersachsentarif.de/wp-content/uploads/2025/12/Preismatrix_Niedersachsentarif_gueltig_ab_14.12.2025.pdf|https://www.westfalentarif.de/tickets-abonnements/ticketpreise|https://infoportal.mobil.nrw/nrw-tarif/nrw-tarif-im-ueberblick.html,Tariff links are conditional leads: identify ordinary bus versus rail replacement and actual local jurisdiction before pricing.,dach.json
Bayerische Regiobahn,Rail,2,"AT,DE",Transdev,published_partial,DACH_DTV_PRICES|DACH_DTV_DISTANCES|DACH_DTV_RULES|DACH_MVV,"Deutschlandtarif Teil J: Preisliste|Deutschlandtarif Entfernungswerk: tariff points, distances, routes, equivalences|Deutschlandtarif Teil A: scope, precedence and participating EVUs|MVV current ticket and price overview",https://www.deutschlandtarifverbund.de/wp-content/uploads/2025/12/20251118_J_Preisliste_D-Tarif_Dez.2025.pdf|https://www.bahn.de/agb|https://www.deutschlandtarifverbund.de/wp-content/uploads/2026/06/20260528_A-1-TB-DT-Grundsaetze_Juni2026.pdf|https://www.mvv-muenchen.de/tickets-abos-preise/rund-um-tickets/ticket-und-preisuebersicht,"DTV participation/corpus provides a starting point; select land/local tariff by route, product and travel date. No OD coverage test yet.",dach.json
NordWestBahn,Rail,2,DE,Transdev,published_partial,DACH_DTV_PRICES|DACH_DTV_DISTANCES|DACH_DTV_RULES|DACH_NIEDERSACHSEN|DACH_WESTFALEN|DACH_NRW,"Deutschlandtarif Teil J: Preisliste|Deutschlandtarif Entfernungswerk: tariff points, distances, routes, equivalences|Deutschlandtarif Teil A: scope, precedence and participating EVUs|Niedersachsentarif price matrix|WestfalenTarif ticket prices and tariff structure|NRW-Tarif 2026 scope, products and eezy rules",https://www.deutschlandtarifverbund.de/wp-content/uploads/2025/12/20251118_J_Preisliste_D-Tarif_Dez.2025.pdf|https://www.bahn.de/agb|https://www.deutschlandtarifverbund.de/wp-content/uploads/2026/06/20260528_A-1-TB-DT-Grundsaetze_Juni2026.pdf|https://www.niedersachsentarif.de/wp-content/uploads/2025/12/Preismatrix_Niedersachsentarif_gueltig_ab_14.12.2025.pdf|https://www.westfalentarif.de/tickets-abonnements/ticketpreise|https://infoportal.mobil.nrw/nrw-tarif/nrw-tarif-im-ueberblick.html,"DTV participation/corpus provides a starting point; select land/local tariff by route, product and travel date. No OD coverage test yet.",dach.json
SNCF VOYAGEURS,Bus,2,"CH,FR,LU",SNCF,published_partial,SW_SNCF_BASE|SW_ALEOP_ECO,"SNCF Tarifs voyageurs, volume 6 — base fare coefficients and product rules|Aléop Eco — TER and specified express coaches",https://www.tgvinoui.sncf/file/tarifs-voyageurs|https://aleop.paysdelaloire.fr/tarifs/billet-aleop-eco,Region and actual route/product must be identified. SNCF national coefficients are not universal TER fares; replacement buses may retain the associated rail ticket. Aléop source covers only its specified regional services.,southwest.json
CrossCountry,Bus,2,UK,CrossCountry,access_required,NW_GB_RSP|NW_GB_SPEC,"RDG industry fares, routeing and timetable data|RDG Fares and Associated Data Feed Specification RSPS5045",https://www.raildeliverygroup.com/our-services/essential-services/rail-data.html|https://www.raildeliverygroup.com/files/Publications/services/rsp/RSPS504502-00FaresandAssociatedDataFeedInterfaceSpecification.pdf,"Use the shared GB fares, restrictions and routeing delivery rather than an operator-page scraper. This bus-labelled row may be replacement transport; verify ticket acceptance and service identity.",northwest_fallback
Southern,Rail,2,UK,DFTO,access_required,NW_GB_RSP|NW_GB_SPEC,"RDG industry fares, routeing and timetable data|RDG Fares and Associated Data Feed Specification RSPS5045",https://www.raildeliverygroup.com/our-services/essential-services/rail-data.html|https://www.raildeliverygroup.com/files/Publications/services/rsp/RSPS504502-00FaresandAssociatedDataFeedInterfaceSpecification.pdf,"Use the shared GB fares, restrictions and routeing delivery rather than an operator-page scraper.",northwest_fallback
Greater Anglia,Bus,2,UK,DFTO,access_required,NW_GB_RSP|NW_GB_SPEC,"RDG industry fares, routeing and timetable data|RDG Fares and Associated Data Feed Specification RSPS5045",https://www.raildeliverygroup.com/our-services/essential-services/rail-data.html|https://www.raildeliverygroup.com/files/Publications/services/rsp/RSPS504502-00FaresandAssociatedDataFeedInterfaceSpecification.pdf,"Use the shared GB fares, restrictions and routeing delivery rather than an operator-page scraper. This bus-labelled row may be replacement transport; verify ticket acceptance and service identity.",northwest_fallback
Arriva,Rail,2,"BE,DE,NL",Arriva,ready_to_acquire,NW_ARRIVA_MATRIX|NW_NDOV_OTHER_RAIL,"Arriva Drielandentrein 2026 international fare matrix|NDOV Arriva, Keolis and Qbuzz rail tariff directories",https://data.ndovloket.nl/tarieven/trein/arr/|https://data.ndovloket.nl/tarieven/trein/,The 2026 Drielandentrein matrix is locally acquired; verify that this GTFS row is that service.,northwest_fallback
Iarnród Éireann / Irish Rail,Rail,2,"IE,UK",Iarnród Éireann,ready_to_acquire,NW_IRISH_RAIL,Irish Rail station fare grids and monetary charts,https://www.irishrail.ie/en-ie/rail-fares-and-tickets/fares-info,Official station grids and fare-letter price charts can be extracted; web/advance fares remain a separate regime.,northwest_fallback
TPER spa,Bus,2,IT,TPER,ready_to_acquire,SW_TPER,TPER public fare catalogue — Bologna/Ferrara urban and regional zones,https://www.tper.it/tariffe,"Published bus zone money tables; identify basin, route and zone path. Do not equate TPER spa Bus with Trenitalia TPER Rail.",southwest.json
TRENITALIA S.p.A.,Rail,2,IT,Trenitalia,published_partial,SW_TI_LISTINO|SW_TI_REGIME|SW_TI_PIEMONTE,"Trenitalia Listino dei Prezzi, Capitolo IV, Parte II|Trenitalia Part II — Base fares and limited-price availability|Trenitalia Tariffa 39/13 Piemonte — ordinary regional singles",https://www.trenitalia.com/content/dam/trenitalia/allegati/info/condizioni-generali-di-trasporto/parte-ii-trasporto-nazionale/Listino_Prezzi_Capitolo_IV-PARTE_II_Trasporto_Nazionale.pdf|https://www.trenitalia.com/content/dam/trenitalia/allegati/info/condizioni-generali-di-trasporto/parte-ii-trasporto-nazionale/Parte_II-Trasporto_Nazionale.pdf|https://www.trenitalia.com/content/dam/trenitalia/allegati/info/condizioni-generali-di-trasporto/parte-iii-trasporto-regionale/tariffa-39/Tariffa_39_13_Piemonte.pdf,IC/ICN Base OD tables and regional tariff tables exist. Frecce capacity-limited price levels need quotes. Regional distances and international products need distinct acquisition.,southwest.json
Eu Sleeper,Rail,2,"BE,CZ,DE,NL",European Sleeper,published_partial,NW_EU_SLEEPER,European Sleeper pass and accommodation price ranges,https://www.europeansleeper.eu/passes,"Published accommodation ranges are usable bounds, not a complete OD/departure price.",northwest_fallback
Qbuzz,Bus,2,NL,Qbuzz,published_partial,NW_NDOV_BUS,NDOV bus tariff bundles and zones,https://data.ndovloket.nl/tarieven/,NDOV is the bulk tariff lead; map the bus service to its concession and fare schema.,northwest_fallback
NS,Bus,2,"BE,NL",NS,ready_to_acquire,NW_NS_NDOV,NS tariff delivery and 2026 HRN price table,https://data.ndovloket.nl/tarieven/trein/ns/,Domestic NS rail is already resolved from NDOV. A bus row is conditional replacement transport and needs identity checks.,northwest_fallback
Vy Buss,Bus,2,NO,Vy,published_partial,NORDIC_VY_LOCAL_AUTHORITIES|NORDIC_VY_COACH_RULES|NORDIC_KOLUMBUS_CURRENT|NORDIC_ATB_CURRENT|NW_ENTUR,Vy local bus services and regional ticket authorities|Vy express coach pricing and purchase rules|Kolumbus single-ticket prices and validity|AtB single-ticket monetary tables|Entur Offers API and offline data guide,https://www.vy.no/kjop-billetter/bussbilletter/lokalbuss|https://www.vybuss.com/buy-tickets-online/|https://www.kolumbus.no/Billetter/-priser-og-produkter/enkeltbillett/|https://www.atb.no/billetter/enkeltbillett/|https://developer.entur.org/pages-offers-docs-search-guide-v2/,Need route-level distinction between authority-contracted local buses and dynamic express coaches; candidate authority monetary tables do not prove exact OD applicability. Entur Offers is the official pricing route; access/scope must be obtained for the specific operator/product.,nordic_details.json|northwest_fallback
Vy,Rail,2,"NO,SE",Vy,published_partial,NORDIC_VY_RAIL_PRODUCTS|NORDIC_VY_RUTER_2026|NW_ENTUR,Vy train ticket products and fare partners|Vy 2026 fares: Ruter-area exception|Entur Offers API and offline data guide,https://www.vy.no/kjop-billetter/togbilletter|https://www.vy.no/vygruppen/presse-og-nyheter/2026/3427383|https://developer.entur.org/pages-offers-docs-search-guide-v2/,Mixed authority/regional/long-distance products. Norwegian sources do not establish Swedish/international fare coverage. Use parent Entur sources only for supported services. Entur Offers is the official pricing route; access/scope must be obtained for the specific operator/product.,nordic_details.json|northwest_fallback
SJ AB,Rail,2,"DE,DK,NO,SE",SJ,access_required,NW_SWEDEN_ACCESS,Samtrafiken sales data and Access OSDM pricing,https://www.trafiklab.se/news/2025/2025-01-01-samtrafiken-sales-data-available/,Swedish sales NeTEx is timetable-only; integrated prices require Samtrafiken Access unless a local table applies.,northwest_fallback
OEBB Personenverkehr AG Kundenservice,Bus,1,"AT,CH,SK",ÖBB,published_partial,DACH_OBB_OD|DACH_OBB_Y_SAMPLE|DACH_OBB_RULES|DACH_OBB_NIGHT,"ÖBB published relation-price tables|ÖBB OD table, origins Y: verified sample shard|Handbuch für Reisen mit den ÖBB in Österreich|ÖBB night trains in Germany, fare ranges",https://www.oebb.at/static/tarife/de/relationspreise/index.html|https://static.web.oebb.at/relationspreise/14122025/y.pdf|https://www.oebb.at/static/tarife/de/handbuch_fuer_reisen_mit_den_oebb_in_oesterreich/index.html|https://www.oebb.at/static/tarife/de/relationspreise/Resources/pdf/3203138955.pdf,Austrian standard-tariff coverage only if trip is marked rail replacement under the manual; other bus products require separate rules.,dach.json
TEC Namur - Luxembourg,Bus,1,BE,TEC,ready_to_acquire,NW_TEC,LETEC official 2026 Classic/Express tariff table,https://presse.groupe.letec.be/letec-annonce-sa-nouvelle-grille-tarifaire-a-partir-du-1er-fevrier-2026,Official 2026 network-wide Classic/Express prices replace the former zone model.,northwest_fallback
Schweizerische Südostbahn (sob),Rail,1,CH,SOB,published_partial,DACH_SWISS_OSDM|DACH_SWISS_RULES|DACH_SWISS_T604|DACH_SWISS_OJP,"Beta OSDM Offline Switzerland fare file|Alliance SwissPass tariffs index: T600/T601/T603|T604: concessionaire tariff distances and prices, current rules|Beta OJP Fare: NOVA price-query interface",https://data.opentransportdata.swiss/en/dataset/osdm-offline|https://www.allianceswisspass.ch/de/tarife-vorschriften/uebersicht|https://www.allianceswisspass.ch/de/asp/Downloads?download=2669|https://opentransportdata.swiss/it/cookbook/open-journey-planner-ojp/ojp-fare/,OSDM subset promising but archive validity/OD coverage unverified. T601/T603 access-gated; current T604 delegates pricing to NOVA.,dach.json
THURBO,Rail,1,"CH,DE",THURBO,published_partial,DACH_SWISS_OSDM|DACH_SWISS_RULES|DACH_SWISS_T604|DACH_SWISS_OJP,"Beta OSDM Offline Switzerland fare file|Alliance SwissPass tariffs index: T600/T601/T603|T604: concessionaire tariff distances and prices, current rules|Beta OJP Fare: NOVA price-query interface",https://data.opentransportdata.swiss/en/dataset/osdm-offline|https://www.allianceswisspass.ch/de/tarife-vorschriften/uebersicht|https://www.allianceswisspass.ch/de/asp/Downloads?download=2669|https://opentransportdata.swiss/it/cookbook/open-journey-planner-ojp/ojp-fare/,OSDM subset promising but archive validity/OD coverage unverified. T601/T603 access-gated; current T604 delegates pricing to NOVA.,dach.json
REGABUS s.r.o.,Bus,1,CZ,REGABUS,retail_only,EAST_REGABUS_RETAIL,REGABUS official booking site,https://www.regabus.cz/,Official retail channel verified; complete public OD tariff not found.,east.json
"D.M.D-GROUP, spol. s r.o.",Bus,1,CZ,D.M.D-GROUP,retail_only,EAST_DMD_RETAIL,DMD Group official international-coach booking site,https://dmd-ticket.eu/cz/,Official branded retail channel found; reconcile legal entity and model route before quotes.,east.json
MUSIL TOUR spol. s.r.o.,Bus,1,CZ,MUSIL TOUR,published_partial,EAST_MUSIL_HTML_PRICES,MUSIL TOUR / East Express Ceník ČR — stop-to-stop CZK fares,https://www.east-express.cz/cenycr,Genuine numeric stop-to-stop tables found; effective date and model-OD/route match unresolved.,east.json
DB Regio AG,Rail,1,"DE,PL",DB,published_partial,DACH_DTV_PRICES|DACH_DTV_DISTANCES|DACH_DTV_RULES,"Deutschlandtarif Teil J: Preisliste|Deutschlandtarif Entfernungswerk: tariff points, distances, routes, equivalences|Deutschlandtarif Teil A: scope, precedence and participating EVUs",https://www.deutschlandtarifverbund.de/wp-content/uploads/2025/12/20251118_J_Preisliste_D-Tarif_Dez.2025.pdf|https://www.bahn.de/agb|https://www.deutschlandtarifverbund.de/wp-content/uploads/2026/06/20260528_A-1-TB-DT-Grundsaetze_Juni2026.pdf,"DTV participation/corpus provides a starting point; select land/local tariff by route, product and travel date. No OD coverage test yet.",dach.json
Arverio Baden-Württemberg,Rail,1,DE,Arverio,published_partial,DACH_DTV_PRICES|DACH_DTV_DISTANCES|DACH_DTV_RULES|DACH_BWTARIF,"Deutschlandtarif Teil J: Preisliste|Deutschlandtarif Entfernungswerk: tariff points, distances, routes, equivalences|Deutschlandtarif Teil A: scope, precedence and participating EVUs|bwtarif Anlage 8, single-fare price table",https://www.deutschlandtarifverbund.de/wp-content/uploads/2025/12/20251118_J_Preisliste_D-Tarif_Dez.2025.pdf|https://www.bahn.de/agb|https://www.deutschlandtarifverbund.de/wp-content/uploads/2026/06/20260528_A-1-TB-DT-Grundsaetze_Juni2026.pdf|https://www.bwegt.de/fileadmin/media/PDF/bwtarif-Dokumente/bwtarif_Anlage-8-Preisliste-Relationstarif_14-12-2025.pdf,"DTV participation/corpus provides a starting point; select land/local tariff by route, product and travel date. No OD coverage test yet.",dach.json
DB SEV GmbH,Bus,1,DE,DB,published_partial,DACH_DTV_PRICES|DACH_DTV_DISTANCES|DACH_DTV_RULES,"Deutschlandtarif Teil J: Preisliste|Deutschlandtarif Entfernungswerk: tariff points, distances, routes, equivalences|Deutschlandtarif Teil A: scope, precedence and participating EVUs",https://www.deutschlandtarifverbund.de/wp-content/uploads/2025/12/20251118_J_Preisliste_D-Tarif_Dez.2025.pdf|https://www.bahn.de/agb|https://www.deutschlandtarifverbund.de/wp-content/uploads/2026/06/20260528_A-1-TB-DT-Grundsaetze_Juni2026.pdf,Tariff links are conditional leads: identify ordinary bus versus rail replacement and actual local jurisdiction before pricing.,dach.json
DB RegioNetz Verkehrs GmbH Südostbayernbahn,Rail,1,DE,DB,published_partial,DACH_DTV_PRICES|DACH_DTV_DISTANCES|DACH_DTV_RULES,"Deutschlandtarif Teil J: Preisliste|Deutschlandtarif Entfernungswerk: tariff points, distances, routes, equivalences|Deutschlandtarif Teil A: scope, precedence and participating EVUs",https://www.deutschlandtarifverbund.de/wp-content/uploads/2025/12/20251118_J_Preisliste_D-Tarif_Dez.2025.pdf|https://www.bahn.de/agb|https://www.deutschlandtarifverbund.de/wp-content/uploads/2026/06/20260528_A-1-TB-DT-Grundsaetze_Juni2026.pdf,"DTV participation/corpus provides a starting point; select land/local tariff by route, product and travel date. No OD coverage test yet.",dach.json
DB RegioNetz Verkehrs GmbH Kurhessenbahn,Rail,1,DE,DB,published_partial,DACH_DTV_PRICES|DACH_DTV_DISTANCES|DACH_DTV_RULES,"Deutschlandtarif Teil J: Preisliste|Deutschlandtarif Entfernungswerk: tariff points, distances, routes, equivalences|Deutschlandtarif Teil A: scope, precedence and participating EVUs",https://www.deutschlandtarifverbund.de/wp-content/uploads/2025/12/20251118_J_Preisliste_D-Tarif_Dez.2025.pdf|https://www.bahn.de/agb|https://www.deutschlandtarifverbund.de/wp-content/uploads/2026/06/20260528_A-1-TB-DT-Grundsaetze_Juni2026.pdf,"DTV participation/corpus provides a starting point; select land/local tariff by route, product and travel date. No OD coverage test yet.",dach.json
trilex-express - Die Länderbahn GmbH DLB,Rail,1,"CZ,DE",NETINERA,published_partial,DACH_DTV_PRICES|DACH_DTV_DISTANCES|DACH_DTV_RULES|DACH_VVO|DACH_ZVON,"Deutschlandtarif Teil J: Preisliste|Deutschlandtarif Entfernungswerk: tariff points, distances, routes, equivalences|Deutschlandtarif Teil A: scope, precedence and participating EVUs|VVO current fare table|ZVON August 2026 tariff amendment with price attachment",https://www.deutschlandtarifverbund.de/wp-content/uploads/2025/12/20251118_J_Preisliste_D-Tarif_Dez.2025.pdf|https://www.bahn.de/agb|https://www.deutschlandtarifverbund.de/wp-content/uploads/2026/06/20260528_A-1-TB-DT-Grundsaetze_Juni2026.pdf|https://www.vvo-online.de/doc/VVO-Kleingedrucktes-Anlage-7-Preistabelle-Stand-01-04-2026.pdf|https://www.zvon.de/de/details/zvon-tarif-wird-angepasst,"DTV participation/corpus provides a starting point; select land/local tariff by route, product and travel date. No OD coverage test yet.",dach.json
trilex  - Die Länderbahn GmbH DLB,Rail,1,"CZ,DE",NETINERA,published_partial,DACH_DTV_PRICES|DACH_DTV_DISTANCES|DACH_DTV_RULES|DACH_VVO|DACH_ZVON,"Deutschlandtarif Teil J: Preisliste|Deutschlandtarif Entfernungswerk: tariff points, distances, routes, equivalences|Deutschlandtarif Teil A: scope, precedence and participating EVUs|VVO current fare table|ZVON August 2026 tariff amendment with price attachment",https://www.deutschlandtarifverbund.de/wp-content/uploads/2025/12/20251118_J_Preisliste_D-Tarif_Dez.2025.pdf|https://www.bahn.de/agb|https://www.deutschlandtarifverbund.de/wp-content/uploads/2026/06/20260528_A-1-TB-DT-Grundsaetze_Juni2026.pdf|https://www.vvo-online.de/doc/VVO-Kleingedrucktes-Anlage-7-Preistabelle-Stand-01-04-2026.pdf|https://www.zvon.de/de/details/zvon-tarif-wird-angepasst,"DTV participation/corpus provides a starting point; select land/local tariff by route, product and travel date. No OD coverage test yet.",dach.json
NIAG,Bus,1,"DE,NL",NIAG,published_partial,DACH_VRR|DACH_NRW,"VRR 2026 price table|NRW-Tarif 2026 scope, products and eezy rules",https://www.vrr.de/fileadmin/user_upload/pdf/service/downloads/Weitere_Broschueren_und_Tarifinformationen/VRR_Preise_2026.pdf|https://infoportal.mobil.nrw/nrw-tarif/nrw-tarif-im-ueberblick.html,VRR/NRW candidate tariffs; confirm NIAG route and Netherlands extension before pricing.,dach.json
Erfurter Bahn,Rail,1,DE,Erfurter Bahn,published_partial,DACH_DTV_PRICES|DACH_DTV_DISTANCES|DACH_DTV_RULES,"Deutschlandtarif Teil J: Preisliste|Deutschlandtarif Entfernungswerk: tariff points, distances, routes, equivalences|Deutschlandtarif Teil A: scope, precedence and participating EVUs",https://www.deutschlandtarifverbund.de/wp-content/uploads/2025/12/20251118_J_Preisliste_D-Tarif_Dez.2025.pdf|https://www.bahn.de/agb|https://www.deutschlandtarifverbund.de/wp-content/uploads/2026/06/20260528_A-1-TB-DT-Grundsaetze_Juni2026.pdf,"DTV participation/corpus provides a starting point; select land/local tariff by route, product and travel date. No OD coverage test yet.",dach.json
agilis,Bus,1,DE,agilis,published_partial,DACH_DTV_PRICES|DACH_DTV_DISTANCES|DACH_DTV_RULES,"Deutschlandtarif Teil J: Preisliste|Deutschlandtarif Entfernungswerk: tariff points, distances, routes, equivalences|Deutschlandtarif Teil A: scope, precedence and participating EVUs",https://www.deutschlandtarifverbund.de/wp-content/uploads/2025/12/20251118_J_Preisliste_D-Tarif_Dez.2025.pdf|https://www.bahn.de/agb|https://www.deutschlandtarifverbund.de/wp-content/uploads/2026/06/20260528_A-1-TB-DT-Grundsaetze_Juni2026.pdf,Tariff links are conditional leads: identify ordinary bus versus rail replacement and actual local jurisdiction before pricing.,dach.json
WestfalenBahn,Rail,1,DE,WestfalenBahn,published_partial,DACH_DTV_PRICES|DACH_DTV_DISTANCES|DACH_DTV_RULES|DACH_NIEDERSACHSEN|DACH_WESTFALEN|DACH_NRW,"Deutschlandtarif Teil J: Preisliste|Deutschlandtarif Entfernungswerk: tariff points, distances, routes, equivalences|Deutschlandtarif Teil A: scope, precedence and participating EVUs|Niedersachsentarif price matrix|WestfalenTarif ticket prices and tariff structure|NRW-Tarif 2026 scope, products and eezy rules",https://www.deutschlandtarifverbund.de/wp-content/uploads/2025/12/20251118_J_Preisliste_D-Tarif_Dez.2025.pdf|https://www.bahn.de/agb|https://www.deutschlandtarifverbund.de/wp-content/uploads/2026/06/20260528_A-1-TB-DT-Grundsaetze_Juni2026.pdf|https://www.niedersachsentarif.de/wp-content/uploads/2025/12/Preismatrix_Niedersachsentarif_gueltig_ab_14.12.2025.pdf|https://www.westfalentarif.de/tickets-abonnements/ticketpreise|https://infoportal.mobil.nrw/nrw-tarif/nrw-tarif-im-ueberblick.html,"DTV participation/corpus provides a starting point; select land/local tariff by route, product and travel date. No OD coverage test yet.",dach.json
WestfalenBahn,Bus,1,DE,WestfalenBahn,published_partial,DACH_DTV_PRICES|DACH_DTV_DISTANCES|DACH_DTV_RULES|DACH_NIEDERSACHSEN|DACH_WESTFALEN|DACH_NRW,"Deutschlandtarif Teil J: Preisliste|Deutschlandtarif Entfernungswerk: tariff points, distances, routes, equivalences|Deutschlandtarif Teil A: scope, precedence and participating EVUs|Niedersachsentarif price matrix|WestfalenTarif ticket prices and tariff structure|NRW-Tarif 2026 scope, products and eezy rules",https://www.deutschlandtarifverbund.de/wp-content/uploads/2025/12/20251118_J_Preisliste_D-Tarif_Dez.2025.pdf|https://www.bahn.de/agb|https://www.deutschlandtarifverbund.de/wp-content/uploads/2026/06/20260528_A-1-TB-DT-Grundsaetze_Juni2026.pdf|https://www.niedersachsentarif.de/wp-content/uploads/2025/12/Preismatrix_Niedersachsentarif_gueltig_ab_14.12.2025.pdf|https://www.westfalentarif.de/tickets-abonnements/ticketpreise|https://infoportal.mobil.nrw/nrw-tarif/nrw-tarif-im-ueberblick.html,Tariff links are conditional leads: identify ordinary bus versus rail replacement and actual local jurisdiction before pricing.,dach.json
erixx,Bus,1,DE,NETINERA,published_partial,DACH_DTV_PRICES|DACH_DTV_DISTANCES|DACH_DTV_RULES|DACH_NIEDERSACHSEN,"Deutschlandtarif Teil J: Preisliste|Deutschlandtarif Entfernungswerk: tariff points, distances, routes, equivalences|Deutschlandtarif Teil A: scope, precedence and participating EVUs|Niedersachsentarif price matrix",https://www.deutschlandtarifverbund.de/wp-content/uploads/2025/12/20251118_J_Preisliste_D-Tarif_Dez.2025.pdf|https://www.bahn.de/agb|https://www.deutschlandtarifverbund.de/wp-content/uploads/2026/06/20260528_A-1-TB-DT-Grundsaetze_Juni2026.pdf|https://www.niedersachsentarif.de/wp-content/uploads/2025/12/Preismatrix_Niedersachsentarif_gueltig_ab_14.12.2025.pdf,Tariff links are conditional leads: identify ordinary bus versus rail replacement and actual local jurisdiction before pricing.,dach.json
Go-Ahead Bayern GmbH,Rail,1,DE,Arverio,published_partial,DACH_DTV_PRICES|DACH_DTV_DISTANCES|DACH_DTV_RULES|DACH_MVV,"Deutschlandtarif Teil J: Preisliste|Deutschlandtarif Entfernungswerk: tariff points, distances, routes, equivalences|Deutschlandtarif Teil A: scope, precedence and participating EVUs|MVV current ticket and price overview",https://www.deutschlandtarifverbund.de/wp-content/uploads/2025/12/20251118_J_Preisliste_D-Tarif_Dez.2025.pdf|https://www.bahn.de/agb|https://www.deutschlandtarifverbund.de/wp-content/uploads/2026/06/20260528_A-1-TB-DT-Grundsaetze_Juni2026.pdf|https://www.mvv-muenchen.de/tickets-abos-preise/rund-um-tickets/ticket-und-preisuebersicht,"DTV participation/corpus provides a starting point; select land/local tariff by route, product and travel date. No OD coverage test yet.",dach.json
go.on Gesellschaft für Bus- und Schienenverkehr mbH,Bus,1,DE,go.on,published_partial,DACH_GOON|DACH_WESTFALEN|DACH_NRW,"go.on tariff applicability|WestfalenTarif ticket prices and tariff structure|NRW-Tarif 2026 scope, products and eezy rules",https://www.go-on-gbs.de/tickets-und-tarife/|https://www.westfalentarif.de/tickets-abonnements/ticketpreise|https://infoportal.mobil.nrw/nrw-tarif/nrw-tarif-im-ueberblick.html,Operator explicitly points to Westfalen/NRW; exact line/region still needed.,dach.json
Busverkehr-Rhein-Neckar,Bus,1,DE,DB,published_partial,DACH_VRN,VRN July 2026 price table and zone-map catalogue,https://www.vrn.de/mam/tickets/tarif/dokumente/2026/vrn_fahrpreistabelle_7_2026.pdf,VRN candidate for ordinary regional bus; confirm exact route/tariff boundary.,dach.json
Ostdeutsche Eisenbahn GmbH,Rail,1,DE,NETINERA,published_partial,DACH_DTV_PRICES|DACH_DTV_DISTANCES|DACH_DTV_RULES,"Deutschlandtarif Teil J: Preisliste|Deutschlandtarif Entfernungswerk: tariff points, distances, routes, equivalences|Deutschlandtarif Teil A: scope, precedence and participating EVUs",https://www.deutschlandtarifverbund.de/wp-content/uploads/2025/12/20251118_J_Preisliste_D-Tarif_Dez.2025.pdf|https://www.bahn.de/agb|https://www.deutschlandtarifverbund.de/wp-content/uploads/2026/06/20260528_A-1-TB-DT-Grundsaetze_Juni2026.pdf,"DTV participation/corpus provides a starting point; select land/local tariff by route, product and travel date. No OD coverage test yet.",dach.json
Ostdeutsche Eisenbahn GmbH,Bus,1,DE,NETINERA,published_partial,DACH_DTV_PRICES|DACH_DTV_DISTANCES|DACH_DTV_RULES,"Deutschlandtarif Teil J: Preisliste|Deutschlandtarif Entfernungswerk: tariff points, distances, routes, equivalences|Deutschlandtarif Teil A: scope, precedence and participating EVUs",https://www.deutschlandtarifverbund.de/wp-content/uploads/2025/12/20251118_J_Preisliste_D-Tarif_Dez.2025.pdf|https://www.bahn.de/agb|https://www.deutschlandtarifverbund.de/wp-content/uploads/2026/06/20260528_A-1-TB-DT-Grundsaetze_Juni2026.pdf,Tariff links are conditional leads: identify ordinary bus versus rail replacement and actual local jurisdiction before pricing.,dach.json
FlixBus Sverige AB,Bus,1,"AT,BE,CZ,DE,DK",FlixBus,access_required,NW_FLIXBUS|NW_FLIX_PARTNER,FlixBus general carriage conditions|FlixBus reseller access,https://global.flixbus.com/terms-and-conditions-of-carriage|https://global.flixbus.com/company/partners/travel-agencies-and-ticket-outlets,Quota-based fare brackets; no public complete monetary matrix verified. Partner access is the official lead.,northwest_fallback
FlixBus-gb,Bus,1,"BE,CZ,DE,FR,NL",FlixBus,access_required,NW_FLIXBUS|NW_FLIX_PARTNER,FlixBus general carriage conditions|FlixBus reseller access,https://global.flixbus.com/terms-and-conditions-of-carriage|https://global.flixbus.com/company/partners/travel-agencies-and-ticket-outlets,Quota-based fare brackets; no public complete monetary matrix verified. Partner access is the official lead.,northwest_fallback
VIAS GmbH,Rail,1,DE,RATH,published_partial,DACH_DTV_PRICES|DACH_DTV_DISTANCES|DACH_DTV_RULES|DACH_RMV|DACH_NRW|DACH_VRR,"Deutschlandtarif Teil J: Preisliste|Deutschlandtarif Entfernungswerk: tariff points, distances, routes, equivalences|Deutschlandtarif Teil A: scope, precedence and participating EVUs|RMV fare rules, regional matrices and 2026 price list|NRW-Tarif 2026 scope, products and eezy rules|VRR 2026 price table",https://www.deutschlandtarifverbund.de/wp-content/uploads/2025/12/20251118_J_Preisliste_D-Tarif_Dez.2025.pdf|https://www.bahn.de/agb|https://www.deutschlandtarifverbund.de/wp-content/uploads/2026/06/20260528_A-1-TB-DT-Grundsaetze_Juni2026.pdf|https://www.rmv.de/c/de/tickets/regeln/befoerderungsbedingungen-tarifbestimmungen/tarifbestimmungen|https://infoportal.mobil.nrw/nrw-tarif/nrw-tarif-im-ueberblick.html|https://www.vrr.de/fileadmin/user_upload/pdf/service/downloads/Weitere_Broschueren_und_Tarifinformationen/VRR_Preise_2026.pdf,"DTV participation/corpus provides a starting point; select land/local tariff by route, product and travel date. No OD coverage test yet.",dach.json
BusClassic / Weiglein,Bus,1,DE,Weiglein Reisen,not_verified,,,,Operator identity has an official BusClassic site; current route tariff and monetary table not verified.,dach.json
Hamburger Verkehrsverbund (hvv),Bus,1,DE,HVV,ready_to_acquire,DACH_HVV,hvv Gemeinschaftstarif and line-by-line tariff assessment files,https://www.hvv.de/de/gemeinschaftstarif,Current prices and directional line assessment files found; needs boarding/alighting and route mapping.,dach.json
Verkehrsverbund Rhein-Neckar,Bus,1,DE,VRN,ready_to_acquire,DACH_VRN,VRN July 2026 price table and zone-map catalogue,https://www.vrn.de/mam/tickets/tarif/dokumente/2026/vrn_fahrpreistabelle_7_2026.pdf,Current monetary table and zone/rule catalogue found; resolve itinerary tariff zones.,dach.json
Münchner Verkehrs- und Tarifverbund,Bus,1,DE,MVV,ready_to_acquire,DACH_MVV,MVV current ticket and price overview,https://www.mvv-muenchen.de/tickets-abos-preise/rund-um-tickets/ticket-und-preisuebersicht,Current price downloads and zone rules found; resolve itinerary zones and boundary treatment.,dach.json
Gerdes Reisen,Bus,1,DE,Gerdes Reisen,not_verified,,,,No current monetary tariff verified. Recover actual contracted route before checking VEJ/VBN/local fare authority.,dach.json
Verkehrsverbund Oberelbe,Bus,1,"CZ,DE",VVO,published_partial,DACH_VVO,VVO current fare table,https://www.vvo-online.de/doc/VVO-Kleingedrucktes-Anlage-7-Preistabelle-Stand-01-04-2026.pdf,Current price/zone PDFs found; international and boundary products require route-specific checks.,dach.json
Verkehrsgemeinschaft Müritz-Oderhaff,Bus,1,"DE,PL",VMO,identity_unresolved,,,,Current legal/tariff identity behind this agency label not established; inspect feed metadata and actual route.,dach.json
Ingolstadt,Bus,1,DE,VGI,published_partial,DACH_VGI,"VGI price table, tariff stages 1–10",https://www.vgi.de/FileServlet?accesskey=9bb5da9e-7732-4678-8d6b-3fbb64a3e6e5,August 2026 table verified; Ingolstadt alias requires actual VGI stop/line scope.,dach.json
ZVON Oberlausitz-Niederschlesien,Bus,1,"CZ,DE",ZVON,published_partial,DACH_ZVON,ZVON August 2026 tariff amendment with price attachment,https://www.zvon.de/de/details/zvon-tarif-wird-angepasst,"August 2026 price amendment located; attachment, zones and cross-border applicability not acquired.",dach.json
Dänische Staatsbahnen,Rail,1,"DE,DK",DSB,published_partial,NW_DSB_WEST|NW_DSB_EAST,DSB 2026 western Denmark rail fare sheet|DSB 2026 eastern Denmark fare sheet,https://www.dsb.dk/globalassets/priser_og_zoner/2026/prisblade-vest-202601.pdf|https://www.dsb.dk/globalassets/priser_og_zoner/2026/prisblade-ost-202601.pdf,Official 2026 zone tables are public; complete zone mapping and cross-region/international rules are still needed.,northwest_fallback
ELRON,Rail,1,"EE,LV",Elron,ready_to_acquire,EAST_ELRON_2026,"Elron regular single-ticket OD matrices, domestic and Tallinn–Riga",https://elron.ee/sites/default/files/2026-05/Elron_hinnakiri_A2_esteng_%C3%BCksikpilet.pdf,"Domestic, express and international matrices verified. Need model OD, channel and exact matrix selection.",east.json
Euskotren Trena,Rail,1,ES,Euskotren,published_partial,SW_EUSKOTREN,Euskotren general train fare poster — 29 June 2026,https://www.euskotren.eus/sites/default/files/tarifas/Euskotren_Tarifa_Orokorra%2029.06_3.pdf,Current one-page fare PDF found; no extractable text. Price cells require rendering/OCR and QA plus zone/product mapping.,southwest.json
Ebrobus SLU,Bus,1,ES,Ebrobus,identity_unresolved,,,,No official tariff tied to this exact GTFS route verified. Search produced an unrelated riverboat namesake; discard it. Check source agency URL and ALSA/concession identity before acquisition.,southwest.json
València - Alacant/Elx,Bus,1,ES,Unresolved Valencian coach operator,identity_unresolved,,,,"València - Alacant/Elx is a corridor label. Resolve original GTFS agency_url, route and concession; do not assume an operator from geography.",southwest.json
Elx Rodalia,Bus,1,ES,Elx Rodalia,access_required,SW_ELX,Vectalia Elx Rodalia — fare and pass table,https://elxrodalia.vectalia.es/bonos-y-tarifas/,Official Vectalia fare page indexed; direct fetch HTTP 403. Ordinary numeric price and route tariff section remain unverified.,southwest.json
FUENGIROLA,Bus,1,ES,Unresolved Spanish regional bus,identity_unresolved,,,,"FUENGIROLA is a place-like label. Original feed and routes are required before choosing municipal, consortium or commercial fares.",southwest.json
Transporte Público de Galicia,Bus,1,ES,Transporte Público de Galicia,ready_to_acquire,SW_GALICIA,Galicia official 2026 XLSX fare calculator,https://www.bus.gal/sites/w_tpgal/files/faq/2026/01/202601._calculadora_tarifas_ptpg_2026_descuentos_cas.xlsx,"Official 2026 XLSX calculator linked and exact URL verified; workbook parsing, administrative OD mapping and subsidy-date validation still required.",southwest.json
Red de Consorcios de Transporte de Andalucía - Bahía de Cádiz,Bus,1,ES,CTMC Bahía de Cádiz,ready_to_acquire,SW_CADIZ,Bahía de Cádiz transport consortium — interurban fare table,https://siu.cmtbc.es/es/tarifa.php,"Fare table and official crossing matrix available; stop zones, applicable service and fare validity needed.",southwest.json
Álavabus,Bus,1,ES,Álavabus,ready_to_acquire,SW_ALAVABUS,"Álavabus 2026 zone fares, crossing matrix and discounts",https://alavabus.eus/documents/d/alavabus/tarifas-zonales-01-04-2026-1-pdf,Current zone price table and crossing matrix available; line 17/20 use distinct tariff documents.,southwest.json
Tåg i Bergslagen,Bus,1,SE,VR,published_partial,NORDIC_TIB_FIXED_RULES|NORDIC_OREBRO_2026|NORDIC_OREBRO_RAIL_RULES|NW_SWEDEN_ACCESS,Tåg i Bergslagen single-ticket fixed-price rules|Länstrafiken Örebro prices and fare groups|Länstrafiken single tickets and rail validity|Samtrafiken sales data and Access OSDM pricing,https://tagibergslagen.se/biljetter/enkelbiljetter/|https://www.lanstrafiken.se/biljetter/kop-och-anvand-biljett/pris-och-prisgrupp/|https://www.lanstrafiken.se/biljetter/vara-biljetter/enkelresa/|https://www.trafiklab.se/news/2025/2025-01-01-samtrafiken-sales-data-available/,"Swedish TiB fixed fares/authority integration, not Finnish VR tariff. Confirm replacement-trip status; complete single-price table still missing. Swedish sales NeTEx is timetable-only; integrated prices require Samtrafiken Access unless a local table applies.",nordic_details.json|northwest_fallback
Nysse,Bus,1,FI,Nysse,ready_to_acquire,NW_NYSSE,Nysse single ticket table,https://www.nysse.fi/en/tickets-and-fares/single-ticket.html,"Official zone, passenger and sales-medium prices are public; map stops to zones.",northwest_fallback
Blauwnet Keolis,Rail,1,NL,Keolis,ready_to_acquire,NW_NDOV_OTHER_RAIL,"NDOV Arriva, Keolis and Qbuzz rail tariff directories",https://data.ndovloket.nl/tarieven/trein/,NDOV publishes carrier price files; join to the carrier-specific OD tariff units.,northwest_fallback
SNCF,Rail,1,"DE,FR",SNCF,published_partial,SW_SNCF_TGV|SW_SNCF_IC|SW_SNCF_BASE|SW_ALEOP_ECO,"Tarifs TGV INOUI et OUIGO — official OD fare bounds|Tarifs Intercités — daytime and overnight OD fare bounds|SNCF Tarifs voyageurs, volume 6 — base fare coefficients and product rules|Aléop Eco — TER and specified express coaches",https://ressources.data.sncf.com/explore/dataset/tarifs-tgv-inoui-ouigo/export/|https://ressources.data.sncf.com/explore/dataset/tarifs-intercites/table/|https://www.tgvinoui.sncf/file/tarifs-voyageurs|https://aleop.paysdelaloire.fr/tarifs/billet-aleop-eco,"Operator alias may cover TGV, Intercités, TER and international services. National published bounds and limited base rules exist; classify services and join UIC stations. Alias alone is not tariff identity.",southwest.json
SNCF,Bus,1,"DE,FR",SNCF,published_partial,SW_SNCF_BASE|SW_ALEOP_ECO,"SNCF Tarifs voyageurs, volume 6 — base fare coefficients and product rules|Aléop Eco — TER and specified express coaches",https://www.tgvinoui.sncf/file/tarifs-voyageurs|https://aleop.paysdelaloire.fr/tarifs/billet-aleop-eco,Region and actual route/product must be identified. SNCF national coefficients are not universal TER fares; replacement buses may retain the associated rail ticket. Aléop source covers only its specified regional services.,southwest.json
Trains Express Régionaux,Rail,1,"BE,CH,DE,FR,LU",SNCF,published_partial,SW_SNCF_BASE|SW_ALEOP_ECO,"SNCF Tarifs voyageurs, volume 6 — base fare coefficients and product rules|Aléop Eco — TER and specified express coaches",https://www.tgvinoui.sncf/file/tarifs-voyageurs|https://aleop.paysdelaloire.fr/tarifs/billet-aleop-eco,Region and actual route/product must be identified. SNCF national coefficients are not universal TER fares; replacement buses may retain the associated rail ticket. Aléop source covers only its specified regional services.,southwest.json
S-Bahn Hannover,Bus,1,DE,Transdev,published_partial,DACH_DTV_PRICES|DACH_DTV_DISTANCES|DACH_DTV_RULES|DACH_NIEDERSACHSEN,"Deutschlandtarif Teil J: Preisliste|Deutschlandtarif Entfernungswerk: tariff points, distances, routes, equivalences|Deutschlandtarif Teil A: scope, precedence and participating EVUs|Niedersachsentarif price matrix",https://www.deutschlandtarifverbund.de/wp-content/uploads/2025/12/20251118_J_Preisliste_D-Tarif_Dez.2025.pdf|https://www.bahn.de/agb|https://www.deutschlandtarifverbund.de/wp-content/uploads/2026/06/20260528_A-1-TB-DT-Grundsaetze_Juni2026.pdf|https://www.niedersachsentarif.de/wp-content/uploads/2025/12/Preismatrix_Niedersachsentarif_gueltig_ab_14.12.2025.pdf,Tariff links are conditional leads: identify ordinary bus versus rail replacement and actual local jurisdiction before pricing.,dach.json
Mälartåg ersättningstrafik,Bus,1,SE,Transdev,published_partial,NORDIC_MALARTAG_FIXED_RULES|NORDIC_MALARTAG_REGIONAL_RULES|NORDIC_MALARTAG_REPLACEMENT_RULES|NORDIC_UL_2026|NW_SWEDEN_ACCESS,Mälartåg single tickets: fixed-price product|Other single tickets accepted on Mälartåg|Mälartåg FAQ: cancelled departures and replacement service|UL ticket prices and network validity|Samtrafiken sales data and Access OSDM pricing,https://www.malardalstrafik.se/biljetter/maelartaag-enkelbiljett/|https://www.malardalstrafik.se/biljetter/andra-enkelbiljetter-foer-maelartaag/|https://www.malardalstrafik.se/kundservice/vanliga-fraagor/?category=Ers%C3%A4ttning+vid+f%C3%B6rsening|https://www.ul.se/biljetter/vara-biljetter/vara-biljetter/|https://www.trafiklab.se/news/2025/2025-01-01-samtrafiken-sales-data-available/,Designated replacement transport accepts the original ticket; do not create a free bus fare or substitute a generic Transdev tariff. Swedish sales NeTEx is timetable-only; integrated prices require Samtrafiken Access unless a local table applies.,nordic_details.json|northwest_fallback
Bayerische Regiobahn,Bus,1,"AT,DE",Transdev,published_partial,DACH_DTV_PRICES|DACH_DTV_DISTANCES|DACH_DTV_RULES|DACH_MVV,"Deutschlandtarif Teil J: Preisliste|Deutschlandtarif Entfernungswerk: tariff points, distances, routes, equivalences|Deutschlandtarif Teil A: scope, precedence and participating EVUs|MVV current ticket and price overview",https://www.deutschlandtarifverbund.de/wp-content/uploads/2025/12/20251118_J_Preisliste_D-Tarif_Dez.2025.pdf|https://www.bahn.de/agb|https://www.deutschlandtarifverbund.de/wp-content/uploads/2026/06/20260528_A-1-TB-DT-Grundsaetze_Juni2026.pdf|https://www.mvv-muenchen.de/tickets-abos-preise/rund-um-tickets/ticket-und-preisuebersicht,Tariff links are conditional leads: identify ordinary bus versus rail replacement and actual local jurisdiction before pricing.,dach.json
SNCF / TER,Rail,1,"BE,CH,DE,FR,LU",SNCF,published_partial,SW_SNCF_BASE|SW_ALEOP_ECO,"SNCF Tarifs voyageurs, volume 6 — base fare coefficients and product rules|Aléop Eco — TER and specified express coaches",https://www.tgvinoui.sncf/file/tarifs-voyageurs|https://aleop.paysdelaloire.fr/tarifs/billet-aleop-eco,Region and actual route/product must be identified. SNCF national coefficients are not universal TER fares; replacement buses may retain the associated rail ticket. Aléop source covers only its specified regional services.,southwest.json
CAR_HDF_59_3,Bus,1,FR,Hauts-de-France Mobilités,not_verified,SW_HDF,Hauts-de-France Nord coach tariff pages — unresolved price validity,https://arcenciel.hautsdefrance.fr/arcenciel2/ba/TARIFICATION,"Official sector tariff portal found, direct fetch failed; indexed EUR 1/EUR 2 notices conflict. Current document and sector/route join needed.",southwest.json
Aléop Lignes Express régionales,Bus,1,FR,Aléop,published_partial,SW_ALEOP_ECO,Aléop Eco — TER and specified express coaches,https://aleop.paysdelaloire.fr/tarifs/billet-aleop-eco,Eco range and express-route eligibility published; ordinary and Eco OD price matrix still needed. Never use the local Loire-Atlantique flat fare here.,southwest.json
Aléop en Loire-Atlantique,Bus,1,FR,Aléop,ready_to_acquire,SW_ALEOP_LA,Aléop Loire-Atlantique tickets,https://aleop.paysdelaloire.fr/tarifs/tickets-en-loire-atlantique,Local fare is published; exclude express routes 7/12/13 and enforce transfer rules.,southwest.json
LER ! ZOU,Bus,1,FR,ZOU!,published_partial,SW_ZOU,ZOU Express lines 90/92/93/94 — explicit OD fare tables,https://zou.maregionsud.fr/public/media/file/2026-07/zou_tarif_express_90_92_93_94_ac_02062026.pdf,Explicit 2026 matrices for lines 90/92/93/94 found. LER alias route is not identified; other express lines require their own table.,southwest.json
Cars Régionaux 87 - Haute Vienne,Bus,1,FR,Nouvelle-Aquitaine Mobilités,ready_to_acquire,SW_NOUVELLE_AQUITAINE,Nouvelle-Aquitaine regional coach fares,https://transports.nouvelle-aquitaine.fr/tarifs-et-achat/tarifs-cars-regionaux,Regional coach price table available; map Haute-Vienne route and validate exceptions/time-based transfer entitlement.,southwest.json
Great Western Railway,Bus,1,UK,FirstGroup,access_required,NW_GB_RSP|NW_GB_SPEC,"RDG industry fares, routeing and timetable data|RDG Fares and Associated Data Feed Specification RSPS5045",https://www.raildeliverygroup.com/our-services/essential-services/rail-data.html|https://www.raildeliverygroup.com/files/Publications/services/rsp/RSPS504502-00FaresandAssociatedDataFeedInterfaceSpecification.pdf,"Use the shared GB fares, restrictions and routeing delivery rather than an operator-page scraper. This bus-labelled row may be replacement transport; verify ticket acceptance and service identity.",northwest_fallback
Thameslink,Bus,1,UK,DFTO,access_required,NW_GB_RSP|NW_GB_SPEC,"RDG industry fares, routeing and timetable data|RDG Fares and Associated Data Feed Specification RSPS5045",https://www.raildeliverygroup.com/our-services/essential-services/rail-data.html|https://www.raildeliverygroup.com/files/Publications/services/rsp/RSPS504502-00FaresandAssociatedDataFeedInterfaceSpecification.pdf,"Use the shared GB fares, restrictions and routeing delivery rather than an operator-page scraper. This bus-labelled row may be replacement transport; verify ticket acceptance and service identity.",northwest_fallback
Grand Union Trains,Rail,1,UK,FirstGroup,access_required,NW_GB_RSP|NW_GB_SPEC,"RDG industry fares, routeing and timetable data|RDG Fares and Associated Data Feed Specification RSPS5045",https://www.raildeliverygroup.com/our-services/essential-services/rail-data.html|https://www.raildeliverygroup.com/files/Publications/services/rsp/RSPS504502-00FaresandAssociatedDataFeedInterfaceSpecification.pdf,"Use the shared GB fares, restrictions and routeing delivery rather than an operator-page scraper.",northwest_fallback
Aircoach,Bus,1,"IE,UK",FirstGroup,retail_only,NW_AIRCOACH,Aircoach fare-table access and ticket conditions,https://www.aircoach.ie/terms-and-conditions,"Official terms say route fare tables exist for inspection, but no complete downloadable table was verified.",northwest_fallback
London North Eastern Railway,Bus,1,UK,DFTO,access_required,NW_GB_RSP|NW_GB_SPEC,"RDG industry fares, routeing and timetable data|RDG Fares and Associated Data Feed Specification RSPS5045",https://www.raildeliverygroup.com/our-services/essential-services/rail-data.html|https://www.raildeliverygroup.com/files/Publications/services/rsp/RSPS504502-00FaresandAssociatedDataFeedInterfaceSpecification.pdf,"Use the shared GB fares, restrictions and routeing delivery rather than an operator-page scraper. This bus-labelled row may be replacement transport; verify ticket acceptance and service identity.",northwest_fallback
Preston Bus,Bus,1,UK,Rotala,ready_to_acquire,NW_UK_BUS_BODS,DfT Bus Open Data Service: fare datasets in NeTEx,https://findtransportdata.dft.gov.uk/dataset/bus-open-data---download-all-fare-data-18336000460,"England local-bus fares are published as OGL NeTEx; match the exact operator, service and stop IDs.",northwest_fallback
Arriva Yorkshire,Bus,1,UK,Arriva,ready_to_acquire,NW_UK_BUS_BODS,DfT Bus Open Data Service: fare datasets in NeTEx,https://findtransportdata.dft.gov.uk/dataset/bus-open-data---download-all-fare-data-18336000460,"England local-bus fares are published as OGL NeTEx; match the exact operator, service and stop IDs.",northwest_fallback
Stagecoach Yorkshire,Bus,1,UK,Stagecoach,ready_to_acquire,NW_UK_BUS_BODS,DfT Bus Open Data Service: fare datasets in NeTEx,https://findtransportdata.dft.gov.uk/dataset/bus-open-data---download-all-fare-data-18336000460,"England local-bus fares are published as OGL NeTEx; match the exact operator, service and stop IDs.",northwest_fallback
Stagecoach South West,Bus,1,UK,Stagecoach,ready_to_acquire,NW_UK_BUS_BODS,DfT Bus Open Data Service: fare datasets in NeTEx,https://findtransportdata.dft.gov.uk/dataset/bus-open-data---download-all-fare-data-18336000460,"England local-bus fares are published as OGL NeTEx; match the exact operator, service and stop IDs.",northwest_fallback
Stagecoach Merseyside and South Lancashire,Bus,1,UK,Stagecoach,ready_to_acquire,NW_UK_BUS_BODS,DfT Bus Open Data Service: fare datasets in NeTEx,https://findtransportdata.dft.gov.uk/dataset/bus-open-data---download-all-fare-data-18336000460,"England local-bus fares are published as OGL NeTEx; match the exact operator, service and stop IDs.",northwest_fallback
ScotRail,Rail,1,UK,ScotRail,access_required,NW_GB_RSP|NW_GB_SPEC,"RDG industry fares, routeing and timetable data|RDG Fares and Associated Data Feed Specification RSPS5045",https://www.raildeliverygroup.com/our-services/essential-services/rail-data.html|https://www.raildeliverygroup.com/files/Publications/services/rsp/RSPS504502-00FaresandAssociatedDataFeedInterfaceSpecification.pdf,"Use the shared GB fares, restrictions and routeing delivery rather than an operator-page scraper.",northwest_fallback
TransPennine Express,Bus,1,UK,DFTO,access_required,NW_GB_RSP|NW_GB_SPEC,"RDG industry fares, routeing and timetable data|RDG Fares and Associated Data Feed Specification RSPS5045",https://www.raildeliverygroup.com/our-services/essential-services/rail-data.html|https://www.raildeliverygroup.com/files/Publications/services/rsp/RSPS504502-00FaresandAssociatedDataFeedInterfaceSpecification.pdf,"Use the shared GB fares, restrictions and routeing delivery rather than an operator-page scraper. This bus-labelled row may be replacement transport; verify ticket acceptance and service identity.",northwest_fallback
Transport for Wales,Bus,1,UK,Transport for Wales,access_required,NW_GB_RSP|NW_GB_SPEC,"RDG industry fares, routeing and timetable data|RDG Fares and Associated Data Feed Specification RSPS5045",https://www.raildeliverygroup.com/our-services/essential-services/rail-data.html|https://www.raildeliverygroup.com/files/Publications/services/rsp/RSPS504502-00FaresandAssociatedDataFeedInterfaceSpecification.pdf,"Use the shared GB fares, restrictions and routeing delivery rather than an operator-page scraper. This bus-labelled row may be replacement transport; verify ticket acceptance and service identity.",northwest_fallback
Arriva,Bus,1,"DE,NL,UK",Arriva,identity_unresolved,NW_NDOV_BUS|NW_UK_BUS_BODS,NDOV bus tariff bundles and zones|DfT Bus Open Data Service: fare datasets in NeTEx,https://data.ndovloket.nl/tarieven/|https://findtransportdata.dft.gov.uk/dataset/bus-open-data---download-all-fare-data-18336000460,The generic label spans countries and tariff authorities; resolve the exact feed/operator/service first.,northwest_fallback
JH Coaches,Bus,1,UK,JH Coaches,ready_to_acquire,NW_UK_BUS_BODS,DfT Bus Open Data Service: fare datasets in NeTEx,https://findtransportdata.dft.gov.uk/dataset/bus-open-data---download-all-fare-data-18336000460,"England local-bus fares are published as OGL NeTEx; match the exact operator, service and stop IDs.",northwest_fallback
TRAINOSE SA,Rail,1,EL,Hellenic Train,retail_only,EAST_HELLENIC_RETAIL,Hellenic Train FAQ — official fare lookup and purchase rules,https://www.hellenictrain.gr/en/faq/,Alias resolved through supplied operator mapping; current general public price table not verified.,east.json
HZZP,Rail,1,"AT,DE,HR,SI",HŽPP,published_partial,EAST_HZPP_PRICE_2025|EAST_HZPP_DISTANCES,HŽPP Tarifa 103 — domestic passenger prices|HŽPP Tarifa 102 — station tariff distances and calculation instructions,https://www.hzpp.hr/api/v1/repository/download/f5a12a93-7b40-4df0-a3b6-7e858c6f9d86|https://www.hzpp.hr/api/v1/repository/download/86df1bd5-8651-4cdf-8ca3-d59aba91bf89,"Domestic tables cannot cover an international itinerary without separate product/foreign portions. Current HŽPP SCIC link opens a 2010 edition, not evidence of current prices.",east.json
HŽ Putnicki prijevoz,Rail,1,HR,HŽPP,published_partial,EAST_HZPP_PRICE_2025|EAST_HZPP_DISTANCES,HŽPP Tarifa 103 — domestic passenger prices|HŽPP Tarifa 102 — station tariff distances and calculation instructions,https://www.hzpp.hr/api/v1/repository/download/f5a12a93-7b40-4df0-a3b6-7e858c6f9d86|https://www.hzpp.hr/api/v1/repository/download/86df1bd5-8651-4cdf-8ca3-d59aba91bf89,"Price and tariff-distance inputs exist, but distance-PDF version discrepancy needs resolution.",east.json
VD-EXPRESS,Bus,1,IT,VD-EXPRESS,identity_unresolved,,,,Candidate vdexpress.net advertises Ukraine–Italy route starting prices; exact GTFS identity and Italy-only travel eligibility unverified. No assignable tariff acquired.,southwest.json
Diamant Travel,Bus,1,IT,Diamant Travel,identity_unresolved,,,,Search found multiple namesakes and intermediary international routes. No primary fare publication securely matched to this GTFS agency.,southwest.json
LOGUDORO TOURS S.R.L.,Bus,1,IT,Logudoro Tours,not_verified,,,,Airport/ENAC material identifies logudorotours.it as operator site; site timed out. Current ordinary route price table not verified; do not replace with third-party 'from' prices.,southwest.json
LTG Link,Rail,1,"LT,LV",LTG Link,published_partial,EAST_LTG_RIGA_PRICES|EAST_LTG_INTERNATIONAL_RULES,LTG Link Vilnius–Riga page with embedded published fare graphic|LTG Link international rules and referenced fare Appendix 1,https://ltglink.lt/vilnius-ryga|https://ltglink.lt/tarptautinio-vezimo-salygos-ir-taisykles,"Published Riga graphic and Appendix 1 located; numeric extraction/version validation remain, with dynamic offers separate.",east.json
CFL,Rail,1,"BE,DE,LU",CFL,ready_to_acquire,NW_CFL,CFL domestic second-class zero fare,https://www.cfl.lu/en-gb/app/national,Domestic Luxembourg second class has an explicit zero-fare rule; international and first class are separate.,northwest_fallback
Go-Ahead Norge AS,Rail,1,NO,Go-Ahead Norge,published_partial,NORDIC_GO_AHEAD_RETAIL|NORDIC_KOLUMBUS_CURRENT|NORDIC_KOLUMBUS_GOAHEAD|NW_ENTUR,Go-Ahead Nordic booking website|Kolumbus single-ticket prices and validity|Kolumbus confirms Go-Ahead operation of Jærbanen|Entur Offers API and offline data guide,https://go-aheadnordic.no/|https://www.kolumbus.no/Billetter/-priser-og-produkter/enkeltbillett/|https://www.kolumbus.no/reise/rutetabeller/tog/|https://developer.entur.org/pages-offers-docs-search-guide-v2/,Concrete Kolumbus prices for Jærbanen local trains. General/long-distance source remains retail/access unresolved; exact marginal OD location unverified. Entur Offers is the official pricing route; access/scope must be obtained for the specific operator/product.,nordic_details.json|northwest_fallback
VY Bus4You,Bus,1,"DK,NO,SE",Vy,access_required,NORDIC_VY_COACH_RULES|NW_ENTUR,Vy express coach pricing and purchase rules|Entur Offers API and offline data guide,https://www.vybuss.com/buy-tickets-online/|https://developer.entur.org/pages-offers-docs-search-guide-v2/,Commercial departure-dependent dynamic coach fares confirmed; no public full price dataset or API acquired. Entur Offers is the official pricing route; access/scope must be obtained for the specific operator/product.,nordic_details.json|northwest_fallback
PolRegio,Bus,1,"DE,PL",Polregio,published_partial,EAST_POLREGIO_TPR_2026,POLREGIO current TPR and regulation download index,https://polregio.pl/pl/dla-podroznych/pomoc/przepisy-taryfy-ulgi/,Establish replacement/through-ticket status from actual bus route before applying rail tariff; no independent bus fare assumed.,east.json
PKP Intercity,Bus,1,PL,PKP,not_verified,EAST_PKP_DOMESTIC_CANDIDATE,PKP Intercity Cennik usług przewozowych — domestic base-fare publication candidate,https://www.intercity.pl/pl/dokumenty/Przepisy%20i%20taryfy/Cennik_uslug_przewozowch_PKP_Intercity_od_01.09.25.pdf,"Rail-replacement or separate coach role not verified; do not assign a separate fare, free fare or rail table from agency label alone.",east.json
Łódzka Kolej Aglomeracyjna,Rail,1,PL,ŁKA,published_partial,EAST_LKA_PLUS_2026,ŁKA Taryfa Województwa Łódzkiego PLUS monetary tables and eligible sections,https://lka.lodzkie.pl/_data/OFERTY/2026/za%C5%82%C4%85cznik%20do%20oferty%20-%20Taryfa%20Wojew%C3%B3dztwa%20%C5%81%C3%B3dzkiego%20PLUS%20od%2014.06.2026.pdf,PLUS table is calculable within its section/product scope; match actual model OD and baseline/offer eligibility.,east.json
InterRegional Călători,Rail,1,RO,InterRegional Călători,published_partial,EAST_IRC_PUBLISHED_2025|EAST_IRC_CURRENT_PAGE,InterRegional Călători Regio/Regio-Express fare table in public institutional contract|InterRegional Călători current Tarife page,https://dgaspc3.ro/wp-content/uploads/AA-nr.2-SC-INTERREGIONAL-CALATORI-2025.pdf|https://interregional.ro/ro/prices,Public 2025 monetary scan exists but current edition and applicability require verification; operator page returned loading shell.,east.json
Snälltåget,Bus,1,"DE,DK,SE",Snälltåget,retail_only,NW_SNALLTAGET,Snälltåget fare categories and ticket rules,https://www.snalltaget.se/en/terms-and-conditions,Departure-specific seat/berth/compartment price; public rules do not provide a full monetary OD matrix.,northwest_fallback
SJ Nord,Rail,1,NO,SJ,published_partial,NORDIC_SJNORD_DYNAMIC|NORDIC_SJNORD_ATB|NORDIC_ATB_CURRENT|NW_SWEDEN_ACCESS,SJ NORD pricing and sales-channel FAQ|SJ NORD and AtB integration in zone A|AtB single-ticket monetary tables|Samtrafiken sales data and Access OSDM pricing,https://www.sj.no/sporsmal-og-svar/|https://www.sj.no/reisekategorier/atb/|https://www.atb.no/billetter/enkeltbillett/|https://www.trafiklab.se/news/2025/2025-01-01-samtrafiken-sales-data-available/,Dynamic long-distance fares via Entur; current AtB table applies to eligible zone-A train travel only. Exact marginal OD location unverified. Swedish sales NeTEx is timetable-only; integrated prices require Samtrafiken Access unless a local table applies.,nordic_details.json|northwest_fallback
Länstrafiken Örebro AB,Rail,1,SE,Länstrafiken Örebro,published_partial,NORDIC_OREBRO_2026|NORDIC_OREBRO_RAIL_RULES|NORDIC_TIB_FIXED_RULES|NW_SWEDEN_ACCESS,Länstrafiken Örebro prices and fare groups|Länstrafiken single tickets and rail validity|Tåg i Bergslagen single-ticket fixed-price rules|Samtrafiken sales data and Access OSDM pricing,https://www.lanstrafiken.se/biljetter/kop-och-anvand-biljett/pris-och-prisgrupp/|https://www.lanstrafiken.se/biljetter/vara-biljetter/enkelresa/|https://tagibergslagen.se/biljetter/enkelbiljetter/|https://www.trafiklab.se/news/2025/2025-01-01-samtrafiken-sales-data-available/,Published fixed products and train eligibility; monetary rail singles require planner/authorised feed and exact service/area match. Swedish sales NeTEx is timetable-only; integrated prices require Samtrafiken Access unless a local table applies.,nordic_details.json|northwest_fallback
UL,Bus,1,SE,UL,ready_to_acquire,NORDIC_UL_2026|NW_SWEDEN_ACCESS,UL ticket prices and network validity|Samtrafiken sales data and Access OSDM pricing,https://www.ul.se/biljetter/vara-biljetter/vara-biljetter/|https://www.trafiklab.se/news/2025/2025-01-01-samtrafiken-sales-data-available/,"Actual current HTML prices available; map time validity, geographical scope and Arlanda exception before calculation. Swedish sales NeTEx is timetable-only; integrated prices require Samtrafiken Access unless a local table applies.",nordic_details.json|northwest_fallback
Trainose Sa,Rail,1,EL,Hellenic Train,retail_only,EAST_HELLENIC_RETAIL,Hellenic Train FAQ — official fare lookup and purchase rules,https://www.hellenictrain.gr/en/faq/,Keep as exact separate source row; same unresolved current monetary-tariff acquisition as TRAINOSE SA.,east.json
