source_id,title,publisher,url,checked_on,validity,fare_regime,source_kind,operator_keys,agency_names,countries,access,verification,reuse,usable_for,limitations,next_step,audit_files
DACH_BWTARIF,"bwtarif Anlage 8, single-fare price table",bwtarif / bwegt,https://www.bwegt.de/fileadmin/media/PDF/bwtarif-Dokumente/bwtarif_Anlage-8-Preisliste-Relationstarif_14-12-2025.pdf,2026-09-09,14.12.2025; conditions linked on bwegt valid 01.04.2026.,published_tariff,pdf_price_table,DB|SAB|Arverio|NVBW,DB Fernverkehr AG|DB Regio AG Bayern|DB Regio AG NRW|DB AG|SÜWEX|DB Fernverkehr (Codesharing)|DB Regio AG Südost|DB Regio Mitte|DB Regio AG Nordost|DB ZugBus Regionalverkehr Alb-Bodensee GmbH|DB Regio AG Baden-Württemberg|DB Regio AG Mitte Region Südwest|DB Regio AG Nord|DB Regio Stuttgart GmbH|Deutsche Bahn AG|Schwäbische Alb-Bahn|NVBW|rab|DB Regio AG|Arverio Baden-Württemberg|DB SEV GmbH|DB RegioNetz Verkehrs GmbH Südostbayernbahn|DB RegioNetz Verkehrs GmbH Kurhessenbahn|Go-Ahead Bayern GmbH|Busverkehr-Rhein-Neckar,DE,Public webpage/PDF; no login observed.,Opened 19-page PDF with tariff-distance/class price columns.,Publicly readable; no explicit open-data reuse licence verified. Preserve source/version and review reuse terms before redistribution.,Baden-Württemberg cross-Verbund normal products after official tariff-distance resolution.,Need bwtarif route/zone connections and local-tariff precedence; NVBW is not one fare-setting carrier.,Acquire rules and tariff-distance/connection dataset; do not substitute physical kilometres.,dach.json
DACH_DB_AGB,DB national/international conditions and supplementary price list,DB Fernverkehr AG / DB Regio AG,https://www.bahn.de/agb,2026-09-09,National conditions 01.09.2026; price list 01.06.2026; SCIC-DB 01.08.2026.,mixed,tariff_rules,DB,DB Fernverkehr AG|DB Regio AG Bayern|DB Regio AG NRW|DB AG|SÜWEX|DB Fernverkehr (Codesharing)|DB Regio AG Südost|DB Regio Mitte|DB Regio AG Nordost|DB ZugBus Regionalverkehr Alb-Bodensee GmbH|DB Regio AG Baden-Württemberg|DB Regio AG Mitte Region Südwest|DB Regio AG Nord|DB Regio Stuttgart GmbH|Deutsche Bahn AG|rab|DB Regio AG|DB SEV GmbH|DB RegioNetz Verkehrs GmbH Südostbayernbahn|DB RegioNetz Verkehrs GmbH Kurhessenbahn|Busverkehr-Rhein-Neckar,DE,Public webpage/PDF; no login observed.,Opened index and 30-page Preisliste. It contains supplementary/City-Ticket prices; a complete long-distance OD base-fare matrix was not established.,Publicly readable; no explicit open-data reuse licence verified. Preserve source/version and review reuse terms before redistribution.,"Product rules, supplements, international conditions and archival entry point.",The title Preisliste does not establish calculable Flexpreis/Sparpreis for every OD/date.,Acquire scoped BB/SCIC and supplements; search a licensed distribution source for missing base fares.,dach.json
DACH_DB_FLEX,DB Flexpreis product and price determinants,DB Fernverkehr AG,https://www.bahn.de/angebot/sparpreis-flexpreis/flexpreis,2026-09-09,Current product page checked 09.09.2026.,mixed,tariff_rules,DB,DB Fernverkehr AG|DB Regio AG Bayern|DB Regio AG NRW|DB AG|SÜWEX|DB Fernverkehr (Codesharing)|DB Regio AG Südost|DB Regio Mitte|DB Regio AG Nordost|DB ZugBus Regionalverkehr Alb-Bodensee GmbH|DB Regio AG Baden-Württemberg|DB Regio AG Mitte Region Südwest|DB Regio AG Nord|DB Regio Stuttgart GmbH|Deutsche Bahn AG|rab|DB Regio AG|DB SEV GmbH|DB RegioNetz Verkehrs GmbH Südostbayernbahn|DB RegioNetz Verkehrs GmbH Kurhessenbahn|Busverkehr-Rhein-Neckar,DE,Public webpage/PDF; no login observed.,"Official page states price depends on route, booking date and travel date.",Publicly readable; no explicit open-data reuse licence verified. Preserve source/version and review reuse terms before redistribution.,Define quote scenario inputs and benchmark product semantics.,"Dynamic here means variable date/booking-dependent price, not necessarily seat-inventory control for Flexpreis; no full public base table verified.","Obtain authorized fare distribution/retail observations with timestamp, OD, itinerary and product.",dach.json
DACH_DTV_DISTANCES,"Deutschlandtarif Entfernungswerk: tariff points, distances, routes, equivalences",DB publication of Deutschlandtarif Entfernungswerk,https://www.bahn.de/agb,2026-09-09,Preface edition 14.12.2025; each component needs version capture.,published_tariff,tariff_rules,DB|HLB|Transdev|NETINERA|National Express Rail|agilis|Eurobahn|Abellio Rail Mitteldeutschland|SAB|Arverio|WestfalenBahn|Erfurter Bahn|RATH,DB Fernverkehr AG|DB Regio AG Bayern|Hessische Landesbahn GmbH|DB Regio AG NRW|DB AG|SÜWEX|DB Fernverkehr (Codesharing)|DB Regio AG Südost|DB Regio Mitte|National Express|DB Regio AG Nordost|agilis|DB ZugBus Regionalverkehr Alb-Bodensee GmbH|DB Regio AG Baden-Württemberg|DB Regio AG Mitte Region Südwest|DB Regio AG Nord|Eurobahn|Mitteldeutsche Regiobahn|DB Regio Stuttgart GmbH|Deutsche Bahn AG|Abellio Rail Mitteldeutschland GmbH|Schwäbische Alb-Bahn|vlexx|rab|NordWestBahn|Bayerische Regiobahn|DB Regio AG|Arverio Baden-Württemberg|DB SEV GmbH|DB RegioNetz Verkehrs GmbH Südostbayernbahn|DB RegioNetz Verkehrs GmbH Kurhessenbahn|trilex-express - Die Länderbahn GmbH DLB|trilex  - Die Länderbahn GmbH DLB|Erfurter Bahn|WestfalenBahn|erixx|Go-Ahead Bayern GmbH|Busverkehr-Rhein-Neckar|Ostdeutsche Eisenbahn GmbH|VIAS GmbH|S-Bahn Hannover,DE,Public webpage/PDF; no login observed.,Landing page exposes eight component PDFs including Streckenentfernungen and Grundentfernungen/Wegetexte. Preface opened: tariff distance uses base and feeder distances plus route constraints.,Publicly readable; no explicit open-data reuse licence verified. Preserve source/version and review reuse terms before redistribution.,Official OD tariff-distance engine; not geographic or track-distance regression.,Large component PDFs listed (32/21 MB); two large downloads failed in web reader. No complete parse or OD test yet.,Acquire all eight linked files and version/hash them; implement route-aware tariff distance. Preface: https://assets.static-bahn.de/dam/jcr:2ea47df2-4c70-434c-9837-17d710eb1a96/1%20Vorbemerkungen%20Entfernungswerk.2025-12-12-09-19-14.pdf,dach.json
DACH_DTV_PRICES,Deutschlandtarif Teil J: Preisliste,Deutschlandtarifverbund GmbH,https://www.deutschlandtarifverbund.de/wp-content/uploads/2025/12/20251118_J_Preisliste_D-Tarif_Dez.2025.pdf,2026-09-09,14.12.2025; listed as current on 09.09.2026.,published_tariff,pdf_price_table,DB|HLB|Transdev|NETINERA|National Express Rail|agilis|Eurobahn|Abellio Rail Mitteldeutschland|SAB|Arverio|WestfalenBahn|Erfurter Bahn|RATH,DB Fernverkehr AG|DB Regio AG Bayern|Hessische Landesbahn GmbH|DB Regio AG NRW|DB AG|SÜWEX|DB Fernverkehr (Codesharing)|DB Regio AG Südost|DB Regio Mitte|National Express|DB Regio AG Nordost|agilis|DB ZugBus Regionalverkehr Alb-Bodensee GmbH|DB Regio AG Baden-Württemberg|DB Regio AG Mitte Region Südwest|DB Regio AG Nord|Eurobahn|Mitteldeutsche Regiobahn|DB Regio Stuttgart GmbH|Deutsche Bahn AG|Abellio Rail Mitteldeutschland GmbH|Schwäbische Alb-Bahn|vlexx|rab|NordWestBahn|Bayerische Regiobahn|DB Regio AG|Arverio Baden-Württemberg|DB SEV GmbH|DB RegioNetz Verkehrs GmbH Südostbayernbahn|DB RegioNetz Verkehrs GmbH Kurhessenbahn|trilex-express - Die Länderbahn GmbH DLB|trilex  - Die Länderbahn GmbH DLB|Erfurter Bahn|WestfalenBahn|erixx|Go-Ahead Bayern GmbH|Busverkehr-Rhein-Neckar|Ostdeutsche Eisenbahn GmbH|VIAS GmbH|S-Bahn Hannover,DE,Public webpage/PDF; no login observed.,"Opened 144-page price document; money by tariff-km, class, single/return and other products is present.",Publicly readable; no explicit open-data reuse licence verified. Preserve source/version and review reuse terms before redistribution.,Regional-rail normal fares after valid tariff-distance/routing lookup.,Not ICE/IC pricing. Land/Verbund precedence and participating route scope must be checked.,Parse Part J; join to DTV Entfernungswerk; retain tariff precedence.,dach.json
DACH_DTV_RULES,"Deutschlandtarif Teil A: scope, precedence and participating EVUs",Deutschlandtarifverbund GmbH,https://www.deutschlandtarifverbund.de/wp-content/uploads/2026/06/20260528_A-1-TB-DT-Grundsaetze_Juni2026.pdf,2026-09-09,14.06.2026.,published_tariff,tariff_rules,DB|HLB|Transdev|NETINERA|National Express Rail|agilis|Eurobahn|Abellio Rail Mitteldeutschland|SAB|Arverio|WestfalenBahn|Erfurter Bahn|RATH,DB Fernverkehr AG|DB Regio AG Bayern|Hessische Landesbahn GmbH|DB Regio AG NRW|DB AG|SÜWEX|DB Fernverkehr (Codesharing)|DB Regio AG Südost|DB Regio Mitte|National Express|DB Regio AG Nordost|agilis|DB ZugBus Regionalverkehr Alb-Bodensee GmbH|DB Regio AG Baden-Württemberg|DB Regio AG Mitte Region Südwest|DB Regio AG Nord|Eurobahn|Mitteldeutsche Regiobahn|DB Regio Stuttgart GmbH|Deutsche Bahn AG|Abellio Rail Mitteldeutschland GmbH|Schwäbische Alb-Bahn|vlexx|rab|NordWestBahn|Bayerische Regiobahn|DB Regio AG|Arverio Baden-Württemberg|DB SEV GmbH|DB RegioNetz Verkehrs GmbH Südostbayernbahn|DB RegioNetz Verkehrs GmbH Kurhessenbahn|trilex-express - Die Länderbahn GmbH DLB|trilex  - Die Länderbahn GmbH DLB|Erfurter Bahn|WestfalenBahn|erixx|Go-Ahead Bayern GmbH|Busverkehr-Rhein-Neckar|Ostdeutsche Eisenbahn GmbH|VIAS GmbH|S-Bahn Hannover,DE,Public webpage/PDF; no login observed.,"Opened 26-page document; Annex I names DB Regio, HLB, agilis, Arverio, MRB, National Express Rail, NWB, ODEG, DLB, eurobahn and other EVUs.",Publicly readable; no explicit open-data reuse licence verified. Preserve source/version and review reuse terms before redistribution.,Route/product applicability and operator participation validation.,Participation is not proof every service/OD uses DTV; international and local tariff rules remain necessary.,Join operator participation to route/trip identifiers and tariff jurisdiction.,dach.json
DACH_FLIXTRAIN,FlixTrain tariff provisions and OD minimum/maximum lists,FlixTrain GmbH,https://www.flixtrain.de/tarifbestimmungen,2026-09-09,Linked PDFs dated 23.07.2024; still labelled current on page checked 09.09.2026.,published_fare_ladder,pdf_price_table,FlixTrain,FlixTrain-de,DE|CH,Public webpage/PDF; no login observed.,Opened FLX10/11 six-page OD list; columns are minimum and maximum prices. FLX20/30/35 lists also linked.,Publicly readable; no explicit open-data reuse licence verified. Preserve source/version and review reuse terms before redistribution.,Published OD fare bounds and rule-based purchase-channel distinctions.,Not complete intermediate fare ladder or available fare. Older table date requires 2026 route/version confirmation.,Acquire all lists; retain bounds separately from booking quotes/inventory.,dach.json
DACH_GOON,go.on tariff applicability,go.on Gesellschaft für Bus- und Schienenverkehr mbH,https://www.go-on-gbs.de/tickets-und-tarife/,2026-09-09,Current official page checked 09.09.2026.,published_tariff,tariff_rules,go.on,go.on Gesellschaft für Bus- und Schienenverkehr mbH,DE,Public webpage/PDF; no login observed.,Official operator page points to WestfalenTarif and NRW-Tarif.,Publicly readable; no explicit open-data reuse licence verified. Preserve source/version and review reuse terms before redistribution.,Evidence linking operator bus services to relevant tariff families.,No universal go.on price; line/location still required.,Map the GTFS route to Westfalen region or NRW itinerary.,dach.json
DACH_HVV,hvv Gemeinschaftstarif and line-by-line tariff assessment files,Hamburger Verkehrsverbund,https://www.hvv.de/de/gemeinschaftstarif,2026-09-09,Conditions 01.09.2026; cash-ticket prices valid 01.01.2026.,published_tariff,pdf_price_table,HVV|DB|Transdev|NETINERA,DB Fernverkehr AG|DB Regio AG Bayern|DB Regio AG NRW|DB AG|SÜWEX|DB Fernverkehr (Codesharing)|DB Regio AG Südost|DB Regio Mitte|DB Regio AG Nordost|Hamburger Verkehrsverbund (hvv)|DB ZugBus Regionalverkehr Alb-Bodensee GmbH|DB Regio AG Baden-Württemberg|DB Regio AG Mitte Region Südwest|DB Regio AG Nord|Mitteldeutsche Regiobahn|DB Regio Stuttgart GmbH|Deutsche Bahn AG|vlexx|rab|NordWestBahn|Bayerische Regiobahn|DB Regio AG|DB SEV GmbH|DB RegioNetz Verkehrs GmbH Südostbayernbahn|DB RegioNetz Verkehrs GmbH Kurhessenbahn|trilex-express - Die Länderbahn GmbH DLB|trilex  - Die Länderbahn GmbH DLB|erixx|Busverkehr-Rhein-Neckar|Ostdeutsche Eisenbahn GmbH|S-Bahn Hannover,DE,Public webpage/PDF; no login observed.,Opened 64-page current tariff PDF and index of directional line/fare-assessment files.,Publicly readable; no explicit open-data reuse licence verified. Preserve source/version and review reuse terms before redistribution.,Zone/ring/short-trip price resolution for services within hvv tariff scope.,"Line, direction, boarding and alighting data required; northern agency brands alone insufficient.","Acquire relevant line files, rules and tables; test boundary/short-trip cases.",dach.json
DACH_MVV,MVV current ticket and price overview,Münchner Verkehrs- und Tarifverbund,https://www.mvv-muenchen.de/tickets-abos-preise/rund-um-tickets/ticket-und-preisuebersicht,2026-09-09,Price overview valid 01.01.2026; page lists update 08.05.2026.,published_tariff,pdf_price_table,MVV|DB|Transdev|Arverio,DB Fernverkehr AG|DB Regio AG Bayern|DB Regio AG NRW|DB AG|SÜWEX|DB Fernverkehr (Codesharing)|DB Regio AG Südost|DB Regio Mitte|DB Regio AG Nordost|DB ZugBus Regionalverkehr Alb-Bodensee GmbH|DB Regio AG Baden-Württemberg|DB Regio AG Mitte Region Südwest|DB Regio AG Nord|Mitteldeutsche Regiobahn|DB Regio Stuttgart GmbH|Deutsche Bahn AG|rab|NordWestBahn|Bayerische Regiobahn|DB Regio AG|Arverio Baden-Württemberg|DB SEV GmbH|DB RegioNetz Verkehrs GmbH Südostbayernbahn|DB RegioNetz Verkehrs GmbH Kurhessenbahn|Go-Ahead Bayern GmbH|Busverkehr-Rhein-Neckar|Münchner Verkehrs- und Tarifverbund|S-Bahn Hannover,DE,Public webpage/PDF; no login observed.,Opened official current product/download page; zone system documented at https://www.mvv-muenchen.de/tickets-und-abos/rund-um-tickets/tarifsystem/zonen-und-fahrpreisermittlung,Publicly readable; no explicit open-data reuse licence verified. Preserve source/version and review reuse terms before redistribution.,MVV zone tariffs for matching journeys.,2026 network expansion and boundary-zone rules require stop-level mapping.,"Acquire applicable 2026 zone map, monetary PDF and Gemeinschaftstarif; validate boundary cases.",dach.json
DACH_NIEDERSACHSEN,Niedersachsentarif price matrix,Niedersachsentarif GmbH,https://www.niedersachsentarif.de/wp-content/uploads/2025/12/Preismatrix_Niedersachsentarif_gueltig_ab_14.12.2025.pdf,2026-09-09,14.12.2025; current conditions valid 01.09.2026.,published_tariff,pdf_price_table,DB|Transdev|NETINERA|WestfalenBahn,DB Fernverkehr AG|DB Regio AG Bayern|DB Regio AG NRW|DB AG|SÜWEX|DB Fernverkehr (Codesharing)|DB Regio AG Südost|DB Regio Mitte|DB Regio AG Nordost|DB ZugBus Regionalverkehr Alb-Bodensee GmbH|DB Regio AG Baden-Württemberg|DB Regio AG Mitte Region Südwest|DB Regio AG Nord|Mitteldeutsche Regiobahn|DB Regio Stuttgart GmbH|Deutsche Bahn AG|vlexx|rab|NordWestBahn|Bayerische Regiobahn|DB Regio AG|DB SEV GmbH|DB RegioNetz Verkehrs GmbH Südostbayernbahn|DB RegioNetz Verkehrs GmbH Kurhessenbahn|trilex-express - Die Länderbahn GmbH DLB|trilex  - Die Länderbahn GmbH DLB|WestfalenBahn|erixx|Busverkehr-Rhein-Neckar|Ostdeutsche Eisenbahn GmbH|S-Bahn Hannover,DE,Public webpage/PDF; no login observed.,"Opened 58-page PDF, single/return/group fare prices by tariff distance, class and discount.",Publicly readable; no explicit open-data reuse licence verified. Preserve source/version and review reuse terms before redistribution.,Regional-rail normal fares within Niedersachsen tariff scope.,Official distance assignment and local/through-product precedence still needed.,Acquire conditions from https://www.niedersachsentarif.de/service-kontakt/befoerderungsbedingungen/ and verify distance source.,dach.json
DACH_NRW,"NRW-Tarif 2026 scope, products and eezy rules",mobil.nrw / Kompetenzcenter Marketing NRW,https://infoportal.mobil.nrw/nrw-tarif/nrw-tarif-im-ueberblick.html,2026-09-09,Reform from 01.01.2026; overview 01.06.2026; tariff PDF 01.06.2026.,published_tariff,tariff_rules,DB|National Express Rail|Eurobahn|WestfalenBahn|Transdev|NIAG|go.on|RATH,DB Fernverkehr AG|DB Regio AG Bayern|DB Regio AG NRW|DB AG|SÜWEX|DB Fernverkehr (Codesharing)|DB Regio AG Südost|DB Regio Mitte|National Express|DB Regio AG Nordost|DB ZugBus Regionalverkehr Alb-Bodensee GmbH|DB Regio AG Baden-Württemberg|DB Regio AG Mitte Region Südwest|DB Regio AG Nord|Eurobahn|Mitteldeutsche Regiobahn|DB Regio Stuttgart GmbH|Deutsche Bahn AG|rab|NordWestBahn|Bayerische Regiobahn|DB Regio AG|DB SEV GmbH|DB RegioNetz Verkehrs GmbH Südostbayernbahn|DB RegioNetz Verkehrs GmbH Kurhessenbahn|NIAG|WestfalenBahn|go.on Gesellschaft für Bus- und Schienenverkehr mbH|Busverkehr-Rhein-Neckar|VIAS GmbH|S-Bahn Hannover,DE,Public webpage/PDF; no login observed.,Official page states relation-priced singles ended; cross-Verbund singles use eezy or flat EinzelTicket NRW. Official ticket page gives adult EinzelTicket EUR 25.80.,Publicly readable; no explicit open-data reuse licence verified. Preserve source/version and review reuse terms before redistribution.,"Current NRW tariff precedence and products; official distance-based e-fare rules are tariffs, not regressions.","Do not reuse historical NRW relation-price matrix for 2026 singles; regional tariffs, extensions and e-ticket caps apply.",Acquire https://infoportal.mobil.nrw/fileadmin/02_Wiki_Seite/05_NRW_Tarif/06_NRW_Tarifbestimmungen/2026-06-01_Tarifbestimmungen_NRW-Tarif.pdf and https://infoportal.mobil.nrw/nrw-tarif/ticketinfos-im-detail.html.,dach.json
DACH_OBB_NIGHT,"ÖBB night trains in Germany, fare ranges",ÖBB-Personenverkehr AG,https://www.oebb.at/static/tarife/de/relationspreise/Resources/pdf/3203138955.pdf,2026-09-09,2026 timetable period; index says valid from 14.12.2025.,published_fare_ladder,pdf_price_table,ÖBB,Österreichische Bundesbahnen|OEBB Personenverkehr AG Kundenservice|ÖBB|Oebb Personenverkehr AG Kundenservice,DE,Public webpage/PDF; no login observed.,"Opened three-page tables: distance bands, comfort category, passenger/product and minimum/maximum prices.",Publicly readable; no explicit open-data reuse licence verified. Preserve source/version and review reuse terms before redistribution.,Published bounds for scoped Germany night-train fare products.,Ranges do not identify purchasable price or availability. Cannot assign generic Nachtzug identity.,Acquire fare bounds and German night-train rule manual; request/observe inventory only via authorized channel.,dach.json
DACH_OBB_OD,ÖBB published relation-price tables,ÖBB-Personenverkehr AG,https://www.oebb.at/static/tarife/de/relationspreise/index.html,2026-09-09,Valid from 14.12.2025.,published_tariff,pdf_price_table,ÖBB,Österreichische Bundesbahnen|OEBB Personenverkehr AG Kundenservice|ÖBB|Oebb Personenverkehr AG Kundenservice,AT,Public webpage/PDF; no login observed.,"Index gives alphabetic OD PDF shards, route, channel, class, full/Vorteilscard fares and three lead-time bands (180–15, 14–1, departure day).",Publicly readable; no explicit open-data reuse licence verified. Preserve source/version and review reuse terms before redistribution.,Exact standard-fare lookup for covered Austrian domestic relations and defined extensions.,Excludes other offers and Verbund fares. Not an international through-price dataset. PDFs total several GB.,Acquire only needed origin shards first; parse OD/route/channel/class/lead-time keys; validate against retail.,dach.json
DACH_OBB_RULES,Handbuch für Reisen mit den ÖBB in Österreich,ÖBB-Personenverkehr AG,https://www.oebb.at/static/tarife/de/handbuch_fuer_reisen_mit_den_oebb_in_oesterreich/index.html,2026-09-09,Valid from 07.09.2026.,mixed,tariff_rules,ÖBB,Österreichische Bundesbahnen|OEBB Personenverkehr AG Kundenservice|ÖBB|Oebb Personenverkehr AG Kundenservice,AT|DE|CH|LI|HU,Public webpage/PDF; no login observed.,"Opened HTML manual. Scope A.2 defines Austrian routes, specified border extensions and marked replacement buses; product definitions include standard and night services.",Publicly readable; no explicit open-data reuse licence verified. Preserve source/version and review reuse terms before redistribution.,"Eligibility, class/discount/route rules; conditional rail-replacement bus linkage.",Bus agency alone does not establish replacement status. Nightjet/Sparschiene needs different product model.,Parse relevant sections and retain travel-date versions with OD prices.,dach.json
DACH_OBB_Y_SAMPLE,"ÖBB OD table, origins Y: verified sample shard",ÖBB-Personenverkehr AG,https://static.web.oebb.at/relationspreise/14122025/y.pdf,2026-09-09,14.12.2025; PDF title references 2026.,published_tariff,pdf_price_table,ÖBB,Österreichische Bundesbahnen|OEBB Personenverkehr AG Kundenservice|ÖBB|Oebb Personenverkehr AG Kundenservice,AT,Public webpage/PDF; no login observed.,"Web reader opened 226-page monetary relation table, 23,713 extracted lines; source index lists approx. 3.23 MB.",Publicly readable; no explicit open-data reuse licence verified. Preserve source/version and review reuse terms before redistribution.,Prototype parser on a small shard before full Austrian acquisition.,Only Y origins. PDF screenshot fetch failed; no parser/retail validation performed.,"Download shard locally, inspect tabular columns visually, then generalize parser.",dach.json
DACH_RMV,"RMV fare rules, regional matrices and 2026 price list",Rhein-Main-Verkehrsverbund,https://www.rmv.de/c/de/tickets/regeln/befoerderungsbedingungen-tarifbestimmungen/tarifbestimmungen,2026-09-09,Price list 01.01.2026; supporting tariff information January/February 2026.,published_tariff,pdf_price_table,RMV|HLB|DB|RATH,DB Fernverkehr AG|DB Regio AG Bayern|Hessische Landesbahn GmbH|DB Regio AG NRW|DB AG|SÜWEX|DB Fernverkehr (Codesharing)|DB Regio AG Südost|DB Regio Mitte|DB Regio AG Nordost|DB ZugBus Regionalverkehr Alb-Bodensee GmbH|DB Regio AG Baden-Württemberg|DB Regio AG Mitte Region Südwest|DB Regio AG Nord|DB Regio Stuttgart GmbH|Deutsche Bahn AG|RMV|rab|DB Regio AG|DB SEV GmbH|DB RegioNetz Verkehrs GmbH Südostbayernbahn|DB RegioNetz Verkehrs GmbH Kurhessenbahn|Busverkehr-Rhein-Neckar|VIAS GmbH,DE,Public webpage/PDF; no login observed.,"Official indexed rule text links regional, Frankfurt and Wiesbaden price matrices and tariff map. Money verified in https://www.rmv.de/c/fileadmin/documents/PDFs/_RMV_DE/Infomaterial/Fahrkarten-_und_Tarifinformationen/Preisliste.pdf",Publicly readable; no explicit open-data reuse licence verified. Preserve source/version and review reuse terms before redistribution.,"Exact zone/OD-matrix tariff architecture, including special city price levels.",Main rule page open failed although official indexed text and price PDF were available. Matrices not parsed.,Acquire price list plus matrices/maps; resolve stop tariff IDs and special airport/city boundaries.,dach.json
DACH_SWISS_OJP,Beta OJP Fare: NOVA price-query interface,Open data platform mobility Switzerland,https://opentransportdata.swiss/it/cookbook/open-journey-planner-ojp/ojp-fare/,2026-09-09,Beta documentation checked 09.09.2026; production status unverified.,mixed,api_documentation,SBB|SOB|THURBO,Schweizerische Bundesbahnen SBB|SBB Infrastruktur AG Bahnersatz|Schweizerische Südostbahn (sob)|THURBO,CH,Public documentation; API key required.,"Official documentation explicitly labels integration/test data, API-key access, Swiss trips and non-binding quotes.",Platform terms apply; not reviewed as production data licence.,Schema/prototype exploration only.,Do not use integration prices as production fares. Limited requests; actual payable fare fixed on order.,Recheck official production availability; obtain API key only if user authorizes account/access setup.,dach.json
DACH_SWISS_OSDM,Beta OSDM Offline Switzerland fare file,Open data platform mobility Switzerland (SBB),https://data.opentransportdata.swiss/en/dataset/osdm-offline,2026-09-09,Current archive validity unverified. Official catalogue mirror last-updated metadata: 30.06.2026; this is not fare validity.,published_tariff,open_data_catalogue,SBB|SOB|THURBO,Schweizerische Bundesbahnen SBB|SBB Infrastruktur AG Bahnersatz|Schweizerische Südostbahn (sob)|THURBO,CH,Public catalogue; archive acquisition failed in this session.,Catalogue advertises ZIP. Official cookbook says precalculated NOVA subset selected for international sales with little/no local transport: https://opentransportdata.swiss/en/cookbook/open-sales-and-distribution-model/,Open-data platform source; specific resource reuse terms not verified; file does not authorize third-party ticket sales.,Potential machine-readable price records for included Swiss relations.,Archive/version/calendar/coverage not inspected. Web binary fetch failed; direct public page returned HTTP 403. No current complete Swiss resolver claimed.,"Acquire public ZIP through documented catalogue, inspect delivery calendar/ODs/licence, compare required FUAs.",dach.json
DACH_SWISS_RULES,Alliance SwissPass tariffs index: T600/T601/T603,Alliance SwissPass,https://www.allianceswisspass.ch/de/tarife-vorschriften/uebersicht,2026-09-09,Index checked 09.09.2026; document-specific dates required.,mixed,tariff_rules,SBB|SOB|THURBO,Schweizerische Bundesbahnen SBB|SBB Infrastruktur AG Bahnersatz|Schweizerische Südostbahn (sob)|THURBO,CH,Public index; T601/T603 require login in observed paths.,Index opened. T603 download and indexed T601 PDF redirected to login; titles alone do not establish accessible money/distance tables.,Publicly readable; no explicit open-data reuse licence verified. Preserve source/version and review reuse terms before redistribution.,Tariff architecture and a legitimate access-request path for missing data.,"T600 is rules, not an OD price table; T601/T603 retrieval was access-gated.",Use public documents where accessible; pursue authorized NOVA/OSDM data rather than assuming historic kilometre tables still suffice.,dach.json
DACH_SWISS_T604,"T604: concessionaire tariff distances and prices, current rules",Alliance SwissPass,https://www.allianceswisspass.ch/de/asp/Downloads?download=2669,2026-09-09,Edition 01.06.2026.,published_tariff,tariff_rules,SBB|SOB|THURBO,Schweizerische Bundesbahnen SBB|SBB Infrastruktur AG Bahnersatz|Schweizerische Südostbahn (sob)|THURBO,CH,Public webpage/PDF; no login observed.,Opened ten-page PDF. Section 2.1.1 delegates prices to NOVA; 2.2.2 delegates route instructions to NOVA.,Publicly readable; no explicit open-data reuse licence verified. Preserve source/version and review reuse terms before redistribution.,Evidence that titled tariff documents may provide rules without calculable monetary tables.,No complete concessionaire distance/price matrix in this public document.,Acquire NOVA-derived approved price data and validate actual SOB/THURBO route coverage.,dach.json
DACH_VGI,"VGI price table, tariff stages 1–10",Verkehrsverbund Großraum Ingolstadt,https://www.vgi.de/FileServlet?accesskey=9bb5da9e-7732-4678-8d6b-3fbb64a3e6e5,2026-09-09,01.08.2026.,published_tariff,pdf_price_table,VGI,Ingolstadt,DE,Public webpage/PDF; no login observed.,Opened one-page monetary table linked from https://www.vgi.de/tarif ; separate stages 11–20 also linked.,Publicly readable; no explicit open-data reuse licence verified. Preserve source/version and review reuse terms before redistribution.,"Bus fare lookup by stage, passenger and sales channel.",January 2026 table is superseded; Ingolstadt alias still needs trip/stop scope check.,Acquire both stage tables and tariff-zone definitions.,dach.json
DACH_VMS,VMS fare overview and current tariff documents,Verkehrsverbund Mittelsachsen,https://www.vms.de/tarif-und-tickets/tickets/alle-tickets/,2026-09-09,Fare change from 01.04.2026.,published_tariff,html_price_table,VMS|Transdev|DB,DB Fernverkehr AG|DB Regio AG Bayern|DB Regio AG NRW|DB AG|SÜWEX|DB Fernverkehr (Codesharing)|DB Regio AG Südost|DB Regio Mitte|DB Regio AG Nordost|DB ZugBus Regionalverkehr Alb-Bodensee GmbH|DB Regio AG Baden-Württemberg|DB Regio AG Mitte Region Südwest|DB Regio AG Nord|Mitteldeutsche Regiobahn|DB Regio Stuttgart GmbH|Deutsche Bahn AG|rab|MittelSachsen|NordWestBahn|Bayerische Regiobahn|DB Regio AG|DB SEV GmbH|DB RegioNetz Verkehrs GmbH Südostbayernbahn|DB RegioNetz Verkehrs GmbH Kurhessenbahn|Busverkehr-Rhein-Neckar|S-Bahn Hannover,DE,Public webpage/PDF; no login observed.,Official page gives monetary products by zone count; current schema/map at https://www.vms.de/wp-content/uploads/2026/03/schematischer-Tarifzonenplan_04_2026_web.pdf,Publicly readable; no explicit open-data reuse licence verified. Preserve source/version and review reuse terms before redistribution.,VMS local tariff for matching bus/rail journeys.,MittelSachsen agency includes CZ; cross-border fare not automatically VMS domestic.,Acquire price and zone files; inspect transition products and route IDs.,dach.json
DACH_VRN,VRN July 2026 price table and zone-map catalogue,Verkehrsverbund Rhein-Neckar GmbH,https://www.vrn.de/mam/tickets/tarif/dokumente/2026/vrn_fahrpreistabelle_7_2026.pdf,2026-09-09,Tariff 07/2026; Wabenplan edition 1/2026.,published_tariff,pdf_price_table,VRN|DB|RATH,DB Fernverkehr AG|DB Regio AG Bayern|DB Regio AG NRW|DB AG|SÜWEX|DB Fernverkehr (Codesharing)|DB Regio AG Südost|DB Regio Mitte|DB Regio AG Nordost|DB ZugBus Regionalverkehr Alb-Bodensee GmbH|DB Regio AG Baden-Württemberg|DB Regio AG Mitte Region Südwest|DB Regio AG Nord|DB Regio Stuttgart GmbH|Deutsche Bahn AG|rab|DB Regio AG|DB SEV GmbH|DB RegioNetz Verkehrs GmbH Südostbayernbahn|DB RegioNetz Verkehrs GmbH Kurhessenbahn|Busverkehr-Rhein-Neckar|VIAS GmbH|Verkehrsverbund Rhein-Neckar,DE,Public webpage/PDF; no login observed.,Opened current four-page monetary table via official downloads catalogue https://www.vrn.de/service/downloads/tarif/ .,Publicly readable; no explicit open-data reuse licence verified. Preserve source/version and review reuse terms before redistribution.,"Bus/rail zone tariffs, scoped local products and official e-fare products.",Requires route/stop-to-Wabe mapping and transition rules.,"Acquire table, tariff guide and Wabenplan; distinguish ordinary buses from rail replacement.",dach.json
DACH_VRR,VRR 2026 price table,Verkehrsverbund Rhein-Ruhr,https://www.vrr.de/fileadmin/user_upload/pdf/service/downloads/Weitere_Broschueren_und_Tarifinformationen/VRR_Preise_2026.pdf,2026-09-09,Money from 01.01.2026; zone structure changed 01.06.2026.,published_tariff,pdf_price_table,NIAG|DB|National Express Rail|Eurobahn|Transdev|RATH,DB Fernverkehr AG|DB Regio AG Bayern|DB Regio AG NRW|DB AG|SÜWEX|DB Fernverkehr (Codesharing)|DB Regio AG Südost|DB Regio Mitte|National Express|DB Regio AG Nordost|DB ZugBus Regionalverkehr Alb-Bodensee GmbH|DB Regio AG Baden-Württemberg|DB Regio AG Mitte Region Südwest|DB Regio AG Nord|Eurobahn|Mitteldeutsche Regiobahn|DB Regio Stuttgart GmbH|Deutsche Bahn AG|rab|NordWestBahn|Bayerische Regiobahn|DB Regio AG|DB SEV GmbH|DB RegioNetz Verkehrs GmbH Südostbayernbahn|DB RegioNetz Verkehrs GmbH Kurhessenbahn|NIAG|Busverkehr-Rhein-Neckar|VIAS GmbH|S-Bahn Hannover,DE,Public webpage/PDF; no login observed.,Official indexed PDF contains monetary A/B/C ticket table. VRR reform page documents June zone changes.,Publicly readable; no explicit open-data reuse licence verified. Preserve source/version and review reuse terms before redistribution.,Current local tariff price-stage lookup where route scope matches.,NIAG cross-border services need individual scope/extension check; old two-zone layout cannot be assumed.,Acquire current zone map from https://www.vrr.de/tickets-tarife/die-grosse-tarifreform-im-vrr/ and join to stops.,dach.json
DACH_VVO,VVO current fare table,Verkehrsverbund Oberelbe,https://www.vvo-online.de/doc/VVO-Kleingedrucktes-Anlage-7-Preistabelle-Stand-01-04-2026.pdf,2026-09-09,01.04.2026.,published_tariff,pdf_price_table,VVO|DB|NETINERA,DB Fernverkehr AG|DB Regio AG Bayern|DB Regio AG NRW|DB AG|SÜWEX|DB Fernverkehr (Codesharing)|DB Regio AG Südost|DB Regio Mitte|DB Regio AG Nordost|DB ZugBus Regionalverkehr Alb-Bodensee GmbH|DB Regio AG Baden-Württemberg|DB Regio AG Mitte Region Südwest|DB Regio AG Nord|DB Regio Stuttgart GmbH|Deutsche Bahn AG|vlexx|rab|DB Regio AG|DB SEV GmbH|DB RegioNetz Verkehrs GmbH Südostbayernbahn|DB RegioNetz Verkehrs GmbH Kurhessenbahn|trilex-express - Die Länderbahn GmbH DLB|trilex  - Die Länderbahn GmbH DLB|erixx|Busverkehr-Rhein-Neckar|Ostdeutsche Eisenbahn GmbH|Verkehrsverbund Oberelbe,DE,Public webpage/PDF; no login observed.,Official current table indexed; tariff-zone map https://www.vvo-online.de/doc/VVO-Tarifzonen-Grenzhaltestellen-Grenzraum.pdf has same date.,Publicly readable; no explicit open-data reuse licence verified. Preserve source/version and review reuse terms before redistribution.,VVO zonal bus/rail pricing.,Cross-border and boundary-zone products need explicit applicability.,"Acquire price/map/rule PDFs; resolve agency routes, stop zones and Czech extensions.",dach.json
DACH_WESTFALEN,WestfalenTarif ticket prices and tariff structure,WestfalenTarif GmbH,https://www.westfalentarif.de/tickets-abonnements/ticketpreise,2026-09-09,Price table valid 01.01.2026; compact rules 01.06.2026.,published_tariff,pdf_price_table,Eurobahn|WestfalenBahn|go.on|DB|Transdev|National Express Rail,DB Fernverkehr AG|DB Regio AG Bayern|DB Regio AG NRW|DB AG|SÜWEX|DB Fernverkehr (Codesharing)|DB Regio AG Südost|DB Regio Mitte|National Express|DB Regio AG Nordost|DB ZugBus Regionalverkehr Alb-Bodensee GmbH|DB Regio AG Baden-Württemberg|DB Regio AG Mitte Region Südwest|DB Regio AG Nord|Eurobahn|Mitteldeutsche Regiobahn|DB Regio Stuttgart GmbH|Deutsche Bahn AG|rab|NordWestBahn|Bayerische Regiobahn|DB Regio AG|DB SEV GmbH|DB RegioNetz Verkehrs GmbH Südostbayernbahn|DB RegioNetz Verkehrs GmbH Kurhessenbahn|WestfalenBahn|go.on Gesellschaft für Bus- und Schienenverkehr mbH|Busverkehr-Rhein-Neckar|S-Bahn Hannover,DE,Public webpage/PDF; no login observed.,Official price page links fare table and explains route-dependent start/destination pricing; current rule PDF indexed.,Publicly readable; no explicit open-data reuse licence verified. Preserve source/version and review reuse terms before redistribution.,Westfalen local/regional prices where route scope matches.,Price table needs regional/OD price-stage assignment. Announced April 2027 reform is not current September 2026 rules.,Acquire table and tariff matrices; freeze travel-date edition before zone mapping.,dach.json
DACH_ZVON,ZVON August 2026 tariff amendment with price attachment,ZVON / Zweckverband Verkehrsverbund Ostsachsen,https://www.zvon.de/de/details/zvon-tarif-wird-angepasst,2026-09-09,Effective 01.08.2026; announcement 22.07.2026.,published_tariff,pdf_price_table,ZVON|NETINERA|DB,DB Fernverkehr AG|DB Regio AG Bayern|DB Regio AG NRW|DB AG|SÜWEX|DB Fernverkehr (Codesharing)|DB Regio AG Südost|DB Regio Mitte|DB Regio AG Nordost|DB ZugBus Regionalverkehr Alb-Bodensee GmbH|DB Regio AG Baden-Württemberg|DB Regio AG Mitte Region Südwest|DB Regio AG Nord|DB Regio Stuttgart GmbH|Deutsche Bahn AG|vlexx|rab|DB Regio AG|DB SEV GmbH|DB RegioNetz Verkehrs GmbH Südostbayernbahn|DB RegioNetz Verkehrs GmbH Kurhessenbahn|trilex-express - Die Länderbahn GmbH DLB|trilex  - Die Länderbahn GmbH DLB|erixx|Busverkehr-Rhein-Neckar|Ostdeutsche Eisenbahn GmbH|ZVON Oberlausitz-Niederschlesien,DE,Public indexed page; download not verified.,Official search result exposes current price amendment and Anlage Preise (440.5 KiB); page open failed.,Publicly readable; no explicit open-data reuse licence verified. Preserve source/version and review reuse terms before redistribution.,"Acquisition lead for current ZVON prices, avoiding superseded 2025/26 brochure.",Price attachment not acquired; through Czech/Polish products unresolved.,Retrieve current price attachment and tariff/zone rules; validate travel-date and international scope.,dach.json
EAST_BDZ_PRICES_CURRENT,BDZ passenger ticket-price tables in EUR,BDZ Passenger Services,https://p.bdz.bg/www/t/a/tarifno-izvestie-samo-eur-ok-5296.pdf,2026-09-09,Linked as current on 2026-09-09; effective date not found in PDF text.,published_tariff,pdf_price_table,BDZ,Bulgarian State Railways,BG,Public 22-page PDF opened.,"Table 2 contains monetary distance bands by train category/class; other tables cover zones, return products and extras.",Public availability checked separately from reuse: no explicit open licence identified in the inspected material.,"Published ordinary domestic fares, subject to rules and service/calendar selection.","Price version date still needs confirmation. Official tariff distances, calendar-train list and reservation charges are separate. These are passenger prices, unlike freight PDFs prominent in search.",Acquire alongside rules and current calendar-train attachment from https://www.bdz.bg/bg/a/tarifa-za-prevoz-na-ptnitsi-i-rchen-bagazh-po-zhelezoptniya-transport-vv-vtreshno-sobshchenie; parse route distances.,east.json
EAST_BDZ_RULES_2026,BDZ domestic passenger tariff rules,BDZ Passenger Services,https://p.bdz.bg/www/t/a/tarifa-s-kor-km-04052026-4916.pdf,2026-09-09,Cover dated 2025; filename identifies corrections to 2026-05-04; current landing link verified.,mixed,tariff_rules,BDZ,Bulgarian State Railways,BG,Public 41-page PDF opened.,"Rules reference separate monetary tables; articles 14 onward distinguish actual tariff distance, train category and special products.",Public availability checked separately from reuse: no explicit open licence identified in the inspected material.,"Determining correct table, distance, zone, reservation and calendar application.",Rules alone do not calculate money. Preserve price-table version independently.,Join EAST_BDZ_PRICES_CURRENT with tariff distances and service calendar; keep special route and return products as ticket objects.,east.json
EAST_CD_DOMESTIC_2025,"ČD domestic tariff, amendment 4, including kilometre fare table",České dráhy,https://www.cd.cz/assets/info/cim-se-ridime/tarif-cd_zmena-3.pdf,2026-09-09,PDF amendment 4 effective 2025-12-14; filename still says amendment 3.,mixed,pdf_price_table,ČD,Ceske Drahy,CZ,Public 137-page PDF opened.,"Kilometre price tables start at PDF page 106; article 5.1 specifies distance from current infrastructure-manager timetable, with tariff exceptions.",Public availability checked separately from reuse: no explicit open licence identified in the inspected material.,"Exact domestic Flexi basic fares, class and stated discount products.","Quota-based, tied, global and discounted Flexi products do not generally follow this kilometre table. International fares use TPPM.","Parse the price table plus articles 5.6–5.9; build tariff kilometres from the current official line timetable, not geographic or GTFS-shape distance.",east.json
EAST_CD_INTERNATIONAL_2025,ČD TPPM — actual NRT Czech-portion price table and bilateral products,České dráhy,https://www.cd.cz/assets/info/cim-se-ridime/tppm_1.pdf,2026-09-09,Amendment 4 effective 2025-12-14.,mixed,pdf_price_table,ČD,Ceske Drahy,CZ|SK|AT|DE|PL|HU|RO|BG,Public 153-page PDF opened.,"Chapter VI, PDF page 21 contains monetary NRT ČD distance-band prices; bilateral MPS products also have prices.",Public availability checked separately from reuse: no explicit open licence identified in the inspected material.,Published Czech carrier portion and specifically documented international products.,NRT table header explicitly refers to sales outside ČD/ZSSK; ordinary/customer columns and product conditions differ. Not a full European NRT dataset or a live advance-offer quote.,"Parse sales-channel/product conditions together with price tables; obtain other carrier portions, border points, distances and any mandatory reservations.",east.json
EAST_CFR_INTERREGIO_2025,CFR Interregio domestic transport fares by kilometre band,CFR Călători,https://www.cfrcalatori.ro/wp-content/uploads/2025/12/Tarife-de-transport-trenuri-Interregio-14.12.2025-1.pdf,2026-09-09,Effective 2025-12-14; includes 21% VAT.,published_tariff,pdf_price_table,CFR,CFR Călători,RO,Official PDF and current tariff index search-indexed; direct fetch timed out.,Primary indexed table shows kilometre bands and first/second-class RON fares. Landing page describes separate reservation charge.,Public availability checked separately from reuse: no explicit open licence identified in the inspected material.,Published Interregio base fare; companion Regio/Intercity tables are linked from the same index.,"Excludes seat reservation. Rank, class and tariff distance travelled with each train matter; sleeper/couchette and airport/Oravița–Anina exceptions are separate.",Acquire category and reservation PDFs from https://www.cfrcalatori.ro/pretul-integral-al-legitimatiilor-de-calatorie/ and official rail tariff distances; verify current edition on retry.,east.json
EAST_DMD_RETAIL,DMD Group official international-coach booking site,D.M.D. Group,https://dmd-ticket.eu/cz/,2026-09-09,Current retail page; no effective price-table date.,unresolved,retail_booking,D.M.D-GROUP,"D.M.D-GROUP, spol. s r.o.",CZ|AT|SK|HU|UA,Public booking page opened.,"Operator-branded route/date search, classes and currencies verified.",Public availability checked separately from reuse: no explicit open licence identified in the inspected material.,Retail acquisition channel and operator identity lead.,No complete official monetary fare matrix found. 'From' prices do not establish actual CZ model-OD prices; operator/site identity should be reconciled with route licence.,"Match GTFS route and boarding stops to operator licence, then identify route tariff or permitted quote interface.",east.json
EAST_ELRON_2026,"Elron regular single-ticket OD matrices, domestic and Tallinn–Riga",Elron / AS Eesti Liinirongid,https://elron.ee/sites/default/files/2026-05/Elron_hinnakiri_A2_esteng_%C3%BCksikpilet.pdf,2026-09-09,"Single fares effective 2026-01-12, for purchase on the train.",mixed,pdf_price_table,Elron,ELRON,EE|LV,Public one-page PDF opened.,"Actual station/zone fare matrices extracted, with separate express, international Tallinn–Riia and Latvia-domestic sections.",Public availability checked separately from reuse: no explicit open licence identified in the inspected material.,"Published on-board normal fares for listed OD/service products, including cross-border sections.",Dense matrix layout requires cell alignment QA. On-board tariff is not the lowest website/app fare; service type and ticket scope change price.,Parse matrices with station/zone crosswalk and visual verification; identify exact ELRON OD and preserve channel/product.,east.json
EAST_HELLENIC_RETAIL,Hellenic Train FAQ — official fare lookup and purchase rules,Hellenic Train,https://www.hellenictrain.gr/en/faq/,2026-09-09,Current page inspected 2026-09-09; no standalone fare-table validity.,unresolved,tariff_rules,Hellenic Train,TRAINOSE SA|Trainose Sa,GR,Public HTML opened.,FAQ directs fares to https://newtickets.hellenictrain.gr/ with route/date/service inputs.,Public availability checked separately from reuse: no explicit open licence identified in the inspected material.,Retail quote provenance and identification of ticket/surcharge rules.,"No current general monetary tariff acquired. Historical 2022 ETR fare PDF is search-indexed but now returns 404. The page called Pricing Policy is freight, not a passenger-fare source.",Resolve the actual model OD and inspect its current passenger fare publication or authorised retail quote; do not extrapolate historical Athens–Thessaloniki prices.,east.json
EAST_HZPP_DISTANCES,HŽPP Tarifa 102 — station tariff distances and calculation instructions,HŽ Putnički prijevoz,https://www.hzpp.hr/api/v1/repository/download/86df1bd5-8651-4cdf-8ca3-d59aba91bf89,2026-09-09,Current index labels 2024-11-22; linked PDF cover says consolidated 2008-05-01. Discrepancy unresolved.,published_tariff,tariff_rules,HŽPP,HZZP|HŽ Putnicki prijevoz,HR,Public 45-page PDF opened.,Contains line/station tariff distances and worked route-distance calculations.,Public availability checked separately from reuse: no explicit open licence identified in the inspected material.,"Official distance input for the Tariff 103 calculation, subject to version validation.",No monetary fares. Do not label distances current merely from the landing-page date; historical station changes and amendments need reconciliation.,Resolve landing/PDF version discrepancy through current published amendments; parse station/line table and explicit distance rules.,east.json
EAST_HZPP_PRICE_2025,HŽPP Tarifa 103 — domestic passenger prices,HŽ Putnički prijevoz,https://www.hzpp.hr/api/v1/repository/download/f5a12a93-7b40-4df0-a3b6-7e858c6f9d86,2026-09-09,Effective 2025-03-10; amendment to section 3.2 effective 2025-11-14.,published_tariff,pdf_price_table,HŽPP,HZZP|HŽ Putnicki prijevoz,HR,Public 66-page PDF opened via current official Propisi index.,EUR price tables and reservations/berths are present; page 3 explicitly requires Tariff 102 distances.,Public availability checked separately from reuse: no explicit open licence identified in the inspected material.,Exact domestic regular prices after distance/product resolution.,International HZZP services are not covered by a domestic tariff. Sales-channel adjustment in section 3.2 and reservation/sleeper charges matter.,Parse Tariff 103 with Tariff 101 conditions and verified Tariff 102 distances; validate a domestic example before extending coverage.,east.json
EAST_IRC_CURRENT_PAGE,InterRegional Călători current Tarife page,InterRegional Călători,https://interregional.ro/ro/prices,2026-09-09,Current website; no effective tariff date extracted.,unresolved,tariff_rules,InterRegional Călători,InterRegional Călători,RO,Public application page; extraction returned loading shell.,Official operator and prices route identified; monetary page body not available in text extraction.,Public availability checked separately from reuse: no explicit open licence identified in the inspected material.,Acquisition entry point for a current IRC tariff.,A navigation item labelled Tarife is not evidence of a fully extracted price dataset.,Inspect the rendered public Tarife page and its linked files; verify date and product coverage against EAST_IRC_PUBLISHED_2025.,east.json
EAST_IRC_PUBLISHED_2025,InterRegional Călători Regio/Regio-Express fare table in public institutional contract,InterRegional Călători; hosted by DGASPC Sector 3,https://dgaspc3.ro/wp-content/uploads/AA-nr.2-SC-INTERREGIONAL-CALATORI-2025.pdf,2026-09-09,Embedded tariff indexed as effective 2025-08-01; current applicability unresolved.,published_tariff,pdf_price_table,InterRegional Călători,InterRegional Călători,RO,Public eight-page scanned PDF opened; no text layer.,Search index identifies IRC-branded km-band/full-fare table. PDF container opened; cells not independently OCR-validated.,Public availability checked separately from reuse: no explicit open licence identified in the inspected material.,"Concrete historical monetary-tariff lead for IRC, distinct from CFR operator data.",Institutional host is not IRC's current fare index. Do not transfer CFR fares to IRC or assume the 2025 table remains current.,OCR the embedded fare table and reconcile against current operator Tarife page before applying to the model OD.,east.json
EAST_LEO_GLOBAL_RULES,Leo Express Global/s.r.o. commercial tariff rules,Leo Express,https://www.leoexpress.com/assets/c8286d4d-bff3-4363-913b-3483d8372a70/45c47e6e-b309-4bc5-b509-0c4923116a78/1_Tarify_EN_30_05_2024.pdf,2026-09-09,"Effective 2024-05-30; linked by official terms page, latest supersession not established.",dynamic_inventory,tariff_rules,Leo Express,LEO Express|Leo Express,CZ|SK|PL,Public 14-page PDF opened.,Section 2 places basic fare in the reservation system; promotional tickets have limited inventory. Reserved seat forms part of ticket.,Public availability checked separately from reuse: no explicit open licence identified in the inspected material.,Classifying commercial Leo fares and inventory-dependent offers.,The word tariff does not imply a published monetary matrix. Do not reuse the regional Tenders matrix on long-distance commercial trains.,Identify service entity/product for each GTFS row; acquire an authorised quote source for commercial services and current conditions.,east.json
EAST_LEO_TENDERS_MATRIX,Leo Express Tenders basic OD fare matrix,Leo Express Tenders (operator-linked CDN),https://assets-us-01.kc-usercontent.com/c8286d4d-bff3-4363-913b-3483d8372a70/a0c119b9-dbe0-4108-ad3c-6fdb56e90f01/TD_POP_a_MOP_LET_tab_V_15_12_24_Cenik_LET_static.pdf,2026-09-09,Effective 2024-12-15; still linked by current Orlicko regional page.,published_tariff,pdf_price_table,Leo Express,LEO Express|Leo Express,CZ|PL,Public one-page PDF opened from operator Pricelist link.,Actual Czech/Polish station-to-station monetary matrix extracted.,Public availability checked separately from reuse: no explicit open licence identified in the inspected material.,Direct published OD fares for the LET Orlicko network and listed Polish extensions.,Regional contract service only; IREDO/IDSOK/OneTicket/PID/KD overlap and channel restrictions apply. Does not establish coverage of the four model ODs.,Parse matrix and currency/colour footnotes; map GTFS routes to LET entity and compare relevant integrated-tariff products via https://www.leoexpress.com/en/where-we-go/region/provoz-orlicko.,east.json
EAST_LKA_PLUS_2026,ŁKA Taryfa Województwa Łódzkiego PLUS monetary tables and eligible sections,Łódzka Kolej Aglomeracyjna,https://lka.lodzkie.pl/_data/OFERTY/2026/za%C5%82%C4%85cznik%20do%20oferty%20-%20Taryfa%20Wojew%C3%B3dztwa%20%C5%81%C3%B3dzkiego%20PLUS%20od%2014.06.2026.pdf,2026-09-09,Effective 2026-06-14; listed section assignments include end dates 2026-12-31.,published_tariff,pdf_price_table,ŁKA,Łódzka Kolej Aglomeracyjna,PL,Public four-page PDF opened.,Single-journey and season-ticket tables plus section-to-PLUS assignments extracted.,Public availability checked separately from reuse: no explicit open licence identified in the inspected material.,Published fare lookup for eligible ŁKA PLUS sections.,"PLUS level is a product/section attribute, not simply kilometres. This is not the complete ŁKA baseline; Sprinter reservations and other regional offers need rules.",Acquire linked conditions and baseline ŁKA-TP from https://lka.lodzkie.pl/taryfy-regulaminy/; obtain official tariff distances and identify the one model OD.,east.json
EAST_LTG_INTERNATIONAL_RULES,LTG Link international rules and referenced fare Appendix 1,LTG Link,https://ltglink.lt/tarptautinio-vezimo-salygos-ir-taisykles,2026-09-09,Current indexed rules; effective version not extracted.,mixed,tariff_rules,LTG Link,LTG Link,LT|LV|EE|PL,"Public; search index exposes detailed rules, direct text extraction returned application shell.",Vilnius–Riga section states travel plus seat reservation are included and prices are in Appendix 1.,Public availability checked separately from reuse: no explicit open licence identified in the inspected material.,"Route, reservation, discount, channel and through-ticket scope.",Appendix amounts not acquired. Do not add pass-holder reservation fees again to a fare already including a seat.,Acquire rendered Appendix 1 and record its revision; separate Riga/Valga/Tallinn/Poland products and actual carrier responsibilities.,east.json
EAST_LTG_RIGA_PRICES,LTG Link Vilnius–Riga page with embedded published fare graphic,LTG Link,https://ltglink.lt/vilnius-ryga,2026-09-09,Current page; image path dated 2024/12 but effective date not extracted.,mixed,html_price_table,LTG Link,LTG Link,LT|LV,Public HTML opened; fare section links an image.,Bilietų kainos section and graphic URL verified; individual cells not read: https://ltglinklivev1.blob.core.windows.net/cms/media/2024/12/ryga-kainynas-2412-lt-1.jpg.,Public availability checked separately from reuse: no explicit open licence identified in the inspected material.,Concrete published price-graphic lead for the LT–LV route; pass reservation and other fees are textual.,Numeric graphic extraction and date validation remain. Page also acknowledges dynamic fares; a standard graphic does not give available advance inventory.,"Acquire/OCR the linked graphic and Appendix 1, reconcile current route/date/class conditions; retain inventory quotes separately.",east.json
EAST_MAV_DOMESTIC_2026,"MÁV Helyközi Menetdíjtáblázat, domestic rail/bus/HÉV",MÁV Személyszállítási Zrt.,https://www.mavcsoport.hu/sites/default/files/upload/page/helykozi_menetdijtablazat_2._kiadas_ervenyes_2026_06.12-tol.pdf,2026-09-09,"2026 second edition, effective 2026-06-12.",published_tariff,pdf_price_table,MÁV,MÁV|MÁV Személyszállítási Zrt. - Helyközi busz,HU,Public 39-page PDF opened.,"Page 2 explicitly applies the distance table to rail, bus and HÉV. Page 4 separately lists rail and bus reservation supplements.",Public availability checked separately from reuse: no explicit open licence identified in the inspected material.,Published HUF distance-band fares for both assigned MÁV modes; pass and supplement tables.,"Requires official rail/bus tariff distance and service-specific reservation status. HÉV limit, seasonal supplements, advance reservation fees and territorial passes must be distinguished.",Pair with Helyközi Díjszabás from https://www.mavcsoport.hu/mav-szemelyszallitas/belfoldi-utazas/szemelyszallitasi-uzletszabalyzat and official route distances; implement rail and coach products separately.,east.json
EAST_MUSIL_HTML_PRICES,MUSIL TOUR / East Express Ceník ČR — stop-to-stop CZK fares,MUSIL TOUR,https://www.east-express.cz/cenycr,2026-09-09,No effective date displayed in extracted table; date validation pending.,published_tariff,html_price_table,MUSIL TOUR,MUSIL TOUR spol. s.r.o.,CZ|PL|UA,Public HTML price tables opened.,"Full numeric route/boarding-stop/destination tables, including domestic Czech relations, observed.",Public availability checked separately from reuse: no explicit open licence identified in the inspected material.,Direct published coach OD lookup where route and stop pair match.,Different route sections repeat some OD pairs with different prices. Search snapshot and opened page differ; snapshot the actual acquired version. No general per-km inference.,"Parse by service route and exact stop IDs, acquire reverse-direction table if needed, and verify effective date/current retail consistency.",east.json
EAST_PKP_DOMESTIC_CANDIDATE,PKP Intercity Cennik usług przewozowych — domestic base-fare publication candidate,PKP Intercity,https://www.intercity.pl/pl/dokumenty/Przepisy%20i%20taryfy/Cennik_uslug_przewozowch_PKP_Intercity_od_01.09.25.pdf,2026-09-09,Filename indicates 2025-09-01; current validity and revisions not verified.,mixed,pdf_price_table,PKP,PKP Intercity,PL,Official URL returned HTTP 403.,URL discovered as a published cennik reference; direct body unavailable. Not an acquired/current price table.,Public availability checked separately from reuse: no explicit open licence identified in the inspected material.,Locating the domestic base-fare and supplement publication.,Do not treat a base fare as availability of a discounted offer; international NRT/IRT and rail-replacement bus treatment require separate rules.,"Acquire the current consolidated cennik from the operator's tariff landing page, record version, then pair prices with official tariff distances and category.",east.json
EAST_PL_SCIC_NRT_2025,"SCIC-NRT 2025–2026, Polish edition prepared by PKP Intercity",PKP Intercity / UIC; hosted by POLREGIO,https://polregio.pl/media/28130/scic-nrt-od-14122025-r.pdf,2026-09-09,Effective 2025-12-14.,published_tariff,tariff_rules,PKP|Polregio|ČD|ZSSK|MÁV|CFR|BDZ,"PKP Intercity|PolRegio|Ceske Drahy|Železničná spoločnosť Slovensko, a.s.|MÁV|CFR Călători|Bulgarian State Railways",PL|CZ|SK|HU|RO|BG,Public PDF; 68 pages opened.,Pages 27–28 explicitly discuss NRT price-table access and fare calculation.,Public availability checked separately from reuse: no explicit open licence identified in the inspected material.,"International ticket-product classification, carrier-component calculation and sales-channel discounts.",Rules are not the monetary NRT database. Document says tables can be inspected at international ticket counters. Published NRT prices are distinct from domestic prices; reservations and IRT exclusions matter.,"Obtain monetary tables, tariff-point/route records and current carrier-specific conditions; use published Czech portion only within its stated sales-channel scope.",east.json
EAST_POLREGIO_MALOPOLSKA_2026,Taryfa Małopolska: one-way distance-band price table,POLREGIO,https://polregio.pl/media/29142/taryfa-ma%C5%82opolska-za%C5%82-1.pdf,2026-09-09,Effective 2026-07-01.,published_tariff,pdf_price_table,Polregio,PolRegio,PL,Public one-page PDF opened.,Normal and statutory-discount prices and geographic boundary stations extracted.,Public availability checked separately from reuse: no explicit open licence identified in the inspected material.,Exact published one-way fares within the table's defined Małopolska area.,"Not a Poland-wide tariff. Kraków Airport, returns and channel promotions have separate appendices. Official route tariff kilometres still required.",Acquire all applicable appendices from https://polregio.pl/pl/oferty-i-promocje/oferty-regionalne/taryfa-malopolska/ and map each actual itinerary to the tariff area.,east.json
EAST_POLREGIO_TPR_2026,POLREGIO current TPR and regulation download index,POLREGIO,https://polregio.pl/pl/dla-podroznych/pomoc/przepisy-taryfy-ulgi/,2026-09-09,"Current TPR effective 2026-09-01, uploaded 2026-08-26.",published_tariff,tariff_rules,Polregio,PolRegio,PL,"Public index opened. Linked 41,664,690-byte PDF exceeded web extraction limit.",Current and archived editions identified; large TPR body not parsed.,Public availability checked separately from reuse: no explicit open licence identified in the inspected material.,Acquiring the current general domestic tariff and replacement-bus rules.,No assertion that the extracted index itself supplies monetary prices. Regional fare overrides can supersede the general tariff.,"Download https://polregio.pl/media/29637/tekst-jednolity-tpr-zm-nr-24-ca%C5%82o%C5%9B%C4%87-od-01092026.pdf using normal acquisition, locate monetary appendices and WOT distance inputs, then audit applicable regional tariff.",east.json
EAST_REGABUS_RETAIL,REGABUS official booking site,REGABUS s.r.o.,https://www.regabus.cz/,2026-09-09,Current retail website; no published fare-table date.,unresolved,retail_booking,REGABUS,REGABUS s.r.o.,CZ|UA,Public page opened; no account required to view search form.,"Operator identity, destination/date booking form and ancillary-charge text verified.",Footer states all rights reserved; no open data licence identified.,Identifying official retail acquisition channel.,Destination 'from' prices and luggage charges are not a calculable OD passenger tariff. Exact model route unresolved.,Map route/stops and inspect current public route-specific tariff or permitted quote interface; do not substitute another Czech coach tariff.,east.json
EAST_ZSSK_PP_2025,ZSSK Prepravný poriadok including section D fare tables — version lead,ZSSK,https://www.zssk.sk/wp-content/uploads/2025/04/PP-ZSSK-od-2025-05-01-1.pdf,2026-09-09,Effective 2025-05-01; supersession/current 2026 validity unresolved.,published_tariff,pdf_price_table,ZSSK,"Železničná spoločnosť Slovensko, a.s.",SK,Official PDF indexed with monetary table text; direct fetch returned HTTP 502.,Search index shows tariff-kilometre EUR tables and section D. Not downloaded or verified as latest.,Public availability checked separately from reuse: no explicit open licence identified in the inspected material.,Locating an actual public domestic fare-table publication.,"Do not use old fileadmin/2014 price sheets surfaced by search. Current domestic edition, tariff distance inputs and international/IC products remain to verify.",Acquire latest Prepravný poriadok a cenníky from ZSSK when accessible; retain edition dates and resolve international products separately.,east.json
NORDIC_ATB_CURRENT,AtB single-ticket monetary tables,AtB,https://www.atb.no/billetter/enkeltbillett/,2026-09-09,Current page checked 2026-09-09; effective date not explicit on inspected page.,published_tariff,html_price_table,SJ|Vy,SJ Nord|Vy Buss,NO,Public HTML numeric table opened.,Adult one-zone NOK 50; tables extend by zone count and passenger group. Rail applicability limited to zone A.,Public access is separate from reuse rights; no explicit open licence identified.,AtB-contracted buses and eligible SJ Nord zone-A rail.,"Need zone map, current validity confirmation and onboard supplement rules; train-specific extras use SJ conditions.",Snapshot tables and zone mapping; validate itinerary and purchase channel.,nordic_details.json
NORDIC_GO_AHEAD_RETAIL,Go-Ahead Nordic booking website,Go-Ahead Nordic,https://go-aheadnordic.no/,2026-09-09,Current site checked 2026-09-09.,unresolved,retail_booking,Go-Ahead Norge,Go-Ahead Norge AS,NO,Direct extraction produced only an iframe; index showed journey search and a technical-problems notice.,Official retail route found; no general monetary tariff acquired.,Public access is separate from reuse rights; no explicit open licence identified.,Retail lead for services outside a verified regional ticket scope.,Do not infer general static or dynamic tariff amounts from the unavailable page.,Use authorised Entur offers or acquire current Go-Ahead fare publications; keep unknowns missing.,nordic_details.json
NORDIC_KOLUMBUS_CURRENT,Kolumbus single-ticket prices and validity,Kolumbus,https://www.kolumbus.no/Billetter/-priser-og-produkter/enkeltbillett/,2026-09-09,Current page; effective date not explicit in extracted content.,published_tariff,html_price_table,Go-Ahead Norge|Vy,Go-Ahead Norge AS|Vy Buss,NO,Public HTML numeric prices opened.,Adult fares NOK 49/87/125 for one/two/three-to-five zones; local Jærbanen trains explicitly accepted.,Public access is separate from reuse rights; no explicit open licence identified.,Kolumbus buses and eligible Go-Ahead local rail.,"Zone boundaries, near-zone exceptions, time validity, concessions and onboard fees apply; not the whole Sørlandsbanen.","Snapshot prices and zone/station map, validate local-train identity and product date.",nordic_details.json
NORDIC_KOLUMBUS_GOAHEAD,Kolumbus confirms Go-Ahead operation of Jærbanen,Kolumbus,https://www.kolumbus.no/reise/rutetabeller/tog/,2026-09-09,Current page; no effective date supplied.,published_tariff,tariff_rules,Go-Ahead Norge,Go-Ahead Norge AS,NO,Public HTML opened.,Explicitly identifies Go-Ahead as operator and accepts Kolumbus tickets on local trains.,Public access is separate from reuse rights; no explicit open licence identified.,Evidence for the Go-Ahead-to-Kolumbus authority mapping.,Not evidence that the CSV's single marginal OD is on Jærbanen.,Inspect exact service before assigning Kolumbus fares.,nordic_details.json
NORDIC_MALARTAG_FIXED_RULES,Mälartåg single tickets: fixed-price product,Mälardalstrafik,https://www.malardalstrafik.se/biljetter/maelartaag-enkelbiljett/,2026-09-09,Current page; monetary tariff effective date not stated.,published_tariff,tariff_rules,Transdev,Mälartåg ersättningstrafik,SE,Public HTML opened.,States price is independent of purchase time; no complete OD monetary table supplied.,Public access is separate from reuse rights; no explicit open licence identified.,Identifying Mälardalstrafik as fare owner despite CSV Transdev label.,"Fixed pricing is established, but money data is still missing outside applicable regional products.","Acquire the official Mälartåg OD matrix or an authorised retailer fare feed, and map journeys to its five lines.",nordic_details.json
NORDIC_MALARTAG_REGIONAL_RULES,Other single tickets accepted on Mälartåg,Mälardalstrafik,https://www.malardalstrafik.se/biljetter/andra-enkelbiljetter-foer-maelartaag/,2026-09-09,Updated 2026-08-17.,published_tariff,tariff_rules,Transdev,Mälartåg ersättningstrafik,SE,Public HTML opened.,"Lists UL, Östgötatrafiken, VL and X-trafik products with territorial restrictions, plus Resplus.",Public access is separate from reuse rights; no explicit open licence identified.,Selecting regional fare authority by route.,UL validity must be read with UL's actual network limits. SL tickets alone are not valid on Mälartåg.,Join stops/routes to authority boundaries before using regional prices.,nordic_details.json
NORDIC_MALARTAG_REPLACEMENT_RULES,Mälartåg FAQ: cancelled departures and replacement service,Mälardalstrafik,https://www.malardalstrafik.se/kundservice/vanliga-fraagor/?category=Ers%C3%A4ttning+vid+f%C3%B6rsening,2026-09-09,Current FAQ; no separate fare effective date.,published_tariff,tariff_rules,Transdev,Mälartåg ersättningstrafik,SE,Official page search-index text inspected.,States ticket remains valid on next Mälartåg departure or designated replacement transport after cancellation.,Public access is separate from reuse rights; no explicit open licence identified.,Explaining Rail and Bus rows both named ersättningstrafik.,Does not prove each CSV trip is a replacement or identify the underlying ticket price.,"Inspect route/trip IDs and replacement links, then preserve the original ticket's scope.",nordic_details.json
NORDIC_ONNIBUS_API,OnniBus booking API v2.0.0,OnniBus,https://booking-api-mg.onnibus.com/store/apis/info?name=rest.booking-api.onnibus.com&provider=admin&version=2.0.0,2026-09-09,API page updated 2026-01-29; live inventory rather than dated tariff.,dynamic_inventory,api_documentation,Koiviston Auto,OnniBus,FI,Documentation public; bearer-token subscription and channel-specific agent credentials required.,"Documents journey search, city dictionaries and dynamic prices. Search results must not be cached; basket operations reserve inventory.",Public access is separate from reuse rights; no explicit open licence identified.,Concrete authorised API acquisition route.,Not an open tariff dump. No API requests or baskets created; research storage rights require agreement.,Seek authorised research access and permitted retention before building a quote collector.,nordic_details.json
NORDIC_OREBRO_2026,Länstrafiken Örebro prices and fare groups,Länstrafiken / Region Örebro län,https://www.lanstrafiken.se/biljetter/kop-och-anvand-biljett/pris-och-prisgrupp/,2026-09-09,Page labels 2026 and current half-price campaign; individual promotion dates require acquisition.,published_tariff,html_price_table,Länstrafiken Örebro|VR,Länstrafiken Örebro AB|Tåg i Bergslagen,SE,Public HTML table opened.,Actual fixed-product prices provided; distance-based single fares are referred to the journey planner.,Public access is separate from reuse rights; no explicit open licence identified.,Regional passes/time products after rail eligibility matching.,Not a complete rail single-fare table; product areas and discounts must be retained.,Acquire planner/authorised single-fare data and product-area mapping; preserve current campaign dates.,nordic_details.json
NORDIC_OREBRO_RAIL_RULES,Länstrafiken single tickets and rail validity,Länstrafiken / Region Örebro län,https://www.lanstrafiken.se/biljetter/vara-biljetter/enkelresa/,2026-09-09,Current page; effective date not identified.,published_tariff,tariff_rules,Länstrafiken Örebro|VR,Länstrafiken Örebro AB|Tåg i Bergslagen,SE,Public HTML opened.,Singles can cover Tåg i Bergslagen and Västtåg/Kinnekulletåget; transfer and validation rules given.,Public access is separate from reuse rights; no explicit open licence identified.,Resolving authority-labelled Rail row to eligible services.,Eligibility rules provide no complete monetary matrix.,Map exact CSV route to the named service and ticket area; combine with an acquired fare source.,nordic_details.json
NORDIC_SJNORD_ATB,SJ NORD and AtB integration in zone A,SJ Norge,https://www.sj.no/reisekategorier/atb/,2026-09-09,Current rules page; effective date not stated.,published_tariff,tariff_rules,SJ,SJ Nord,NO,Public HTML opened.,Zone-A single ticket covers train/bus/tram; cross-boundary combinations restricted. SJ animal/bicycle rules remain applicable.,Public access is separate from reuse rights; no explicit open licence identified.,Selecting AtB fare within the supported rail zone.,Two separate single tickets (SJ plus AtB) cannot be combined as described by this rule. Boundaries and products matter.,Map stations to zone A and retain integration restrictions before applying AtB price.,nordic_details.json
NORDIC_SJNORD_DYNAMIC,SJ NORD pricing and sales-channel FAQ,SJ Norge,https://www.sj.no/sporsmal-og-svar/,2026-09-09,Current FAQ; inventory prices have no single tariff validity date.,dynamic_inventory,tariff_rules,SJ,SJ Nord,NO,Public HTML opened.,Explains demand-dependent pricing and recommends Entur because other sales channels may add a booking fee.,Public access is separate from reuse rights; no explicit open licence identified.,SJ Nord long-distance quote interpretation.,No monetary ladder or OD matrix obtained. Swedish SJ branding does not identify the Norwegian fare product.,"Use authorised Entur offers and record product, inventory time, sales channel and included seat/accommodation.",nordic_details.json
NORDIC_TIB_FIXED_RULES,Tåg i Bergslagen single-ticket fixed-price rules,Tåg i Bergslagen,https://tagibergslagen.se/biljetter/enkelbiljetter/,2026-09-09,Current page; no monetary version supplied.,published_tariff,tariff_rules,VR,Tåg i Bergslagen,SE,Public HTML opened.,"Prices are fixed regardless of booking lead time and generally distance-based, with regional harmonisation. Sales through SJ/Resrobot.",Public access is separate from reuse rights; no explicit open licence identified.,Avoiding application of Finnish VR pricing to this Swedish brand.,No full monetary table obtained. Bus row still needs replacement-trip confirmation; fixed price does not equal free.,Acquire TiB OD fares via owner/authorised sales feed; map regional overrides and replacement trips.,nordic_details.json
NORDIC_UL_2026,UL ticket prices and network validity,UL / Region Uppsala,https://www.ul.se/biljetter/vara-biljetter/vara-biljetter/,2026-09-09,Prices from 2026-07-01; separate temporary 30-day promotion through 2026-12-31 with activation cut-off.,published_tariff,html_price_table,UL|Transdev,UL|Mälartåg ersättningstrafik,SE,Public HTML monetary table opened.,Ordinary 75-minute adult ticket SEK 40; Arlanda bus ticket SEK 120. Table includes other durations and Arlanda train passage fee.,Public access is separate from reuse rights; no explicit open licence identified.,UL Bus fares and accepted Mälartåg routes.,"Need timed-ticket validity and route exceptions. UL states Uppsala–Sala, Uppsala–Gävle and Uppsala–Arlanda/Märsta for Mälartåg; no all-Sweden applicability.","Capture table, network boundary and Arlanda exceptions; use ordinary or promotional product deliberately.",nordic_details.json
NORDIC_VY_COACH_RULES,Vy express coach pricing and purchase rules,Vy Buss,https://www.vybuss.com/buy-tickets-online/,2026-09-09,Current page; no static monetary effective date.,dynamic_inventory,tariff_rules,Vy,Vy Buss|VY Bus4You,NO|SE|DK,Public HTML opened; Swedish link leads to bus4you.se.,Explicitly describes departure-dependent dynamic pricing and extra fees for assisted purchase.,Public access is separate from reuse rights; no explicit open licence identified.,Classifying commercial coach products including Bus4You.,"Does not apply to all local contracted Vy buses. No complete fare ladder, price matrix or public API obtained.","Use authorised live quotes with route, time, channel and selected-seat costs recorded.",nordic_details.json
NORDIC_VY_LOCAL_AUTHORITIES,Vy local bus services and regional ticket authorities,Vy,https://www.vy.no/kjop-billetter/bussbilletter/lokalbuss,2026-09-09,Current page; some historical county labels retained.,mixed,tariff_rules,Vy,Vy Buss,NO,Public HTML opened.,"Identifies local contracts and ticket authorities including Ruter, Kolumbus, AtB, Skyss, Brakar, Innlandstrafikk, FRAM and others.",Public access is separate from reuse rights; no explicit open licence identified.,Selecting fare owner for Vy Buss routes.,The Vy label alone cannot decide local-authority versus express-coach pricing; exact CSV OD locations not inspected here.,Map route/service IDs to the relevant contract and then acquire that authority's tariff.,nordic_details.json
NORDIC_VY_RAIL_PRODUCTS,Vy train ticket products and fare partners,Vy,https://www.vy.no/kjop-billetter/togbilletter,2026-09-09,Current product catalogue; no complete dated monetary table.,mixed,tariff_rules,Vy,Vy,NO|SE,Public HTML opened.,"Separates Vossabanen/eastern regional singles, advance products, flexibility, sleeping accommodation and authority products.",Public access is separate from reuse rights; no explicit open licence identified.,Product and fare-authority classification for Vy Rail.,Norwegian catalogue does not establish fares for Swedish/international services in the CSV; no full OD monetary data.,"Resolve exact train service and country segment, then combine authority tariffs or authorised inventory offers.",nordic_details.json
NORDIC_VY_RUTER_2026,Vy 2026 fares: Ruter-area exception,Vy,https://www.vy.no/vygruppen/presse-og-nyheter/2026/3427383,2026-09-09,"Published 2026-01-22, updated 2026-01-30; Vy own fares change 2026-02-01.",published_tariff,tariff_rules,Vy,Vy,NO,Official search-index article text inspected.,Specifies Ruter prices and terms apply to Vy trains within Ruter's area.,Public access is separate from reuse rights; no explicit open licence identified.,Preventing operator-wide Vy price assignment inside Ruter.,An announced average increase is not a numeric tariff table and must not be used to extrapolate prices.,Acquire current Ruter product prices plus zone/station mapping.,nordic_details.json
NW_AIRCOACH,Aircoach fare-table access and ticket conditions,www.aircoach.ie,https://www.aircoach.ie/terms-and-conditions,2026-09-09,Current published terms indexed June 2026,mixed,tariff_rules,FirstGroup,,IE|UK,public_rules_tables_on_request,Official publisher page or indexed official text inspected; downloads separately logged,No explicit open-data reuse licence verified,Terms say route fare tables can be inspected at offices/on vehicles.,No full downloadable OD fare table verified; terms include penalty Standard Fare that must not be treated as normal ticket price.,Use official quotes or obtain route tables; distinguish EUR/GBP and booking channel.,northwest.json
NW_ARRIVA_MATRIX,Arriva Drielandentrein 2026 international fare matrix,data.ndovloket.nl,https://data.ndovloket.nl/tarieven/trein/arr/,2026-09-09,Directory lists matrix from 2026-02-01 and separate 2026-01-01 version,published_tariff,machine_readable_tariff,Arriva,,NL|BE|DE,public_no_login,Official publisher page or indexed official text inspected; downloads separately logged,No explicit open-data reuse licence verified,"Explicit XLSX fare matrix for Drielandentrein, plus Dutch regional rail price sheets.",Scope limited to named train/product; not all Arriva international or bus fares.,"Download 2026-02-01 workbook; inspect OD, class, product and passenger axes.",northwest.json
NW_BLABLACAR,BlaBlaCar Pro IMS external API,cdn.blablacar.pro,https://cdn.blablacar.pro/ims/api/blablacar-pro-ext-api.html,2026-09-09,Published documentation indexed in 2026,dynamic_inventory,api_documentation,BlaBlaCar Bus,,,partner_credentials,"Official web page, PDF or indexed primary-source text inspected; document download separately logged",No explicit open-data reuse licence verified; check source-specific terms,"Journey search, ticket prices, currencies and partner integration.",Requires partner credentials; verify actual BlaBlaCar Bus inventory coverage. bus-api.blablacar.com fetch returned 502.,Verify access/inventory and use offers-only search; no booking needed.,northwest.json
NW_CFL,CFL domestic second-class zero fare,www.cfl.lu,https://www.cfl.lu/en-gb/app/national,2026-09-09,Current policy,published_tariff,tariff_rules,CFL,,LU,public_no_login,"Official web page, PDF or indexed primary-source text inspected; document download separately logged",No explicit open-data reuse licence verified; check source-specific terms,Explicit zero fare for domestic second-class travel.,First class and international journeys excluded.,Implement scoped zero-fare rule only.,northwest.json
NW_DSB_EAST,DSB 2026 eastern Denmark fare sheet,www.dsb.dk,https://www.dsb.dk/globalassets/priser_og_zoner/2026/prisblade-ost-202601.pdf,2026-09-09,2026-01-18,published_tariff,pdf_price_table,DSB,,DK,public_no_login,"Official web page, PDF or indexed primary-source text inspected; document download separately logged",No explicit open-data reuse licence verified; check source-specific terms,Published Zealand/Lolland/Falster/Møn fares.,Does not replace cross-Great-Belt/international tariffs.,Acquire all relevant zone/product tables.,northwest.json
NW_DSB_WEST,DSB 2026 western Denmark rail fare sheet,www.dsb.dk,https://www.dsb.dk/globalassets/priser_og_zoner/2026/prisblade-vest-202601.pdf,2026-09-09,2026-01-18,published_tariff,pdf_price_table,DSB,,DK,public_no_login,"Official web page, PDF or indexed primary-source text inspected; document download separately logged",No explicit open-data reuse licence verified; check source-specific terms,Published standard/zone product prices.,Zone mapping required; no German through-fare or Orange quota availability.,Join zone rules and applicable cross-region products.,northwest.json
NW_ENTUR,Entur Offers API and offline data guide,developer.entur.org,https://developer.entur.org/pages-offers-docs-search-guide-v2/,2026-09-09,Legacy portal; new developer.entur.no portal; verify current version,mixed,api_documentation,Vy|Go-Ahead Norge|SJ,,NO,access_on_request,"Official web page, PDF or indexed primary-source text inspected; document download separately logged",No explicit open-data reuse licence verified; check source-specific terms,Trip/zone offers API and offline distance-priced single-product service.,Offline access on request; excludes quota/capacity products and described bulk endpoint excludes zones. No production fare data acquired.,"Obtain scoped Offers/offline access and verify coverage for Vy, SJ Nord and Go-Ahead.",northwest.json
NW_EUROSTAR,"Eurostar official public, group, youth/senior and domestic fare grids",eurostarforagents.com,https://eurostarforagents.com/offer/public-fares/fare-range/fares-grids/,2026-09-09,Local continent adult/child 2026-07-20; UK sheets have separate sales/travel dates,published_fare_ladder,pdf_price_table,Eurostar,,UK|FR|BE|NL|DE,public_no_login,"Official web page, PDF or indexed primary-source text inspected; document download separately logged",No explicit open-data reuse licence verified; check source-specific terms,"OD, currency, class and tariff-code ladders; six local PDFs inspected.",Ladder does not select available quota for a departure. Keep public/group and sales/travel dates distinct.,Parse existing PDFs with source/page provenance; combine with offers for dated booking availability.,northwest.json
NW_EU_SLEEPER,European Sleeper pass and accommodation price ranges,www.europeansleeper.eu,https://www.europeansleeper.eu/passes,2026-09-09,Current website; no OD effective-date series,mixed,html_price_table,European Sleeper,,BE|NL|DE|CZ|FR|IT,public_no_login,"Official web page, PDF or indexed primary-source text inspected; document download separately logged",No explicit open-data reuse licence verified; check source-specific terms,"Pass prices, reservation prices and ordinary-ticket bounds.",Not a full OD matrix or departure quote. Pass reservation excludes pass purchase.,Record ranges as bounds and quote by service/date/accommodation.,northwest.json
NW_FLIXBUS,FlixBus general carriage conditions,global.flixbus.com,https://global.flixbus.com/terms-and-conditions-of-carriage,2026-09-09,Status 2026-03-24,dynamic_inventory,tariff_rules,FlixBus,,,public_no_login,"Official web page, PDF or indexed primary-source text inspected; document download separately logged",No explicit open-data reuse licence verified; check source-specific terms,Confirms price brackets/quotas and through-journey ticket scope.,No full public monetary OD matrix found in this audit; absence not proven.,"Prioritize price-data access or permitted date-specific observations, including fees and booking lead time.",northwest.json
NW_FLIX_PARTNER,FlixBus reseller access,global.flixbus.com,https://global.flixbus.com/company/partners/travel-agencies-and-ticket-outlets,2026-09-09,Current partner page,dynamic_inventory,retail_booking,FlixBus,,,partner_access,"Official web page, PDF or indexed primary-source text inspected; document download separately logged",No explicit open-data reuse licence verified; check source-specific terms,Official route to partner ticketing.,Not a public research API; data rights and inventory scope unverified.,Prepare data-access request; no request sent or account created.,northwest.json
NW_GB_RSP,"RDG industry fares, routeing and timetable data",www.raildeliverygroup.com,https://www.raildeliverygroup.com/our-services/essential-services/rail-data.html,2026-09-09,Current data delivery required,mixed,open_data_catalogue,DFTO|CrossCountry|Avanti West Coast|FirstGroup|EMR|Transport for Wales|Grand Central|ScotRail,,UK,registration_or_licence,"Official web page, PDF or indexed primary-source text inspected; document download separately logged",No explicit open-data reuse licence verified; check source-specific terms,Shared national fares source across GB TOCs.,Licence/registration and product scope need confirmation. Corporate labels are not fare setters; Advance fare records are not seat availability.,"Acquire current fares, routeing, restrictions and station groups from RDG.",northwest.json
NW_GB_SPEC,RDG Fares and Associated Data Feed Specification RSPS5045,www.raildeliverygroup.com,https://www.raildeliverygroup.com/files/Publications/services/rsp/RSPS504502-00FaresandAssociatedDataFeedInterfaceSpecification.pdf,2026-09-09,Historical version 02-00; verify latest schema,mixed,api_documentation,DFTO|CrossCountry|Avanti West Coast|FirstGroup|EMR|Transport for Wales|Grand Central|ScotRail,,UK,public_no_login,"Official web page, PDF or indexed primary-source text inspected; document download separately logged",No explicit open-data reuse licence verified; check source-specific terms,Documentation for interpreting industry fares records.,Not a current fare delivery or proof of current licence.,Use latest specification alongside acquired dataset.,northwest.json
NW_IRISH_RAIL,Irish Rail station fare grids and monetary charts,www.irishrail.ie,https://www.irishrail.ie/en-ie/rail-fares-and-tickets/fares-info,2026-09-09,Current pages; tariff effective date must be captured,mixed,html_price_table,Iarnród Éireann,,IE,public_no_login,"Official web page, PDF or indexed primary-source text inspected; document download separately logged",No explicit open-data reuse licence verified; check source-specific terms,Route-specific OD fare-letter grids joined to Adult Single/Return tables.,Several grids are images; station fares differ from advance web fares. Belfast cross-border needs separate route.,Extract matrices and price charts; validate OD examples and channel.,northwest.json
NW_NATIONAL_EXPRESS,National Express ticket products and fare rules,www.nationalexpress.com,https://www.nationalexpress.com/en/help/tickets/,2026-09-09,Current page checked 2026-09-09,dynamic_inventory,tariff_rules,National Express (UK),,UK,public_no_login,"Official web page, PDF or indexed primary-source text inspected; document download separately logged",No explicit open-data reuse licence verified; check source-specific terms,"Restricted, Standard and Fully Flexible products; price depends on travel and advance purchase.",No current public complete OD matrix found. Not applicable to German National Express Rail.,Acquire dated offers or authorised partner fare data.,northwest.json
NW_NDOV_BUS,NDOV bus tariff bundles and zones,data.ndovloket.nl,https://data.ndovloket.nl/tarieven/,2026-09-09,Individual delivery validity,published_tariff,open_data_catalogue,Arriva|Qbuzz|RRReis,,NL,public_no_login,"Official web page, PDF or indexed primary-source text inspected; document download separately logged",No explicit open-data reuse licence verified; check source-specific terms,arr/qbuzz/syntus and other carrier tariff publications.,"Discovery only; file formats, concession and route coverage require inspection.",Map each GTFS route to concession and inspect PPT/NeTEx or other supplied tariff schema.,northwest.json
NW_NDOV_OTHER_RAIL,"NDOV Arriva, Keolis and Qbuzz rail tariff directories",data.ndovloket.nl,https://data.ndovloket.nl/tarieven/trein/,2026-09-09,Per-delivery dates; directories checked 2026-09-09,published_tariff,machine_readable_tariff,Arriva|Keolis|Qbuzz,,NL,public_no_login,"Official web page, PDF or indexed primary-source text inspected; document download separately logged",No explicit open-data reuse licence verified; check source-specific terms,Official carrier-specific price files plus OD units already present in NS delivery.,NS money table cannot price other carriers; concession scope and LAK discounts matter.,Acquire carrier price files; join station/carrier codes and validate.,northwest.json
NW_NS_INT,NS International Eurocity Direct Flex/Saver route price table,www.nsinternational.com,https://www.nsinternational.com/en/trains/eurocity-direct,2026-09-09,Current page; no explicit effective date,mixed,html_price_table,NS|SNCB,,NL|BE,public_no_login,Official publisher page or indexed official text inspected; downloads separately logged,No explicit open-data reuse licence verified,Several published relation fares and distinction between Full-Flex and quota-limited Saver.,Not a full international price matrix. Some online example rows are internally surprising; verify before numeric use. NS International also sells other carriers.,Create a Eurocity product regime; validate quoted sample prices and seek full fare matrix.,northwest.json
NW_NS_NDOV,NS tariff delivery and 2026 HRN price table,data.ndovloket.nl,https://data.ndovloket.nl/tarieven/trein/ns/,2026-09-09,2026 price table; OD records have individual validity,published_tariff,machine_readable_tariff,NS,,NL,public_no_login,"Official web page, PDF or indexed primary-source text inspected; document download separately logged",NDOV publishes CC0 licence at https://data.ndovloket.nl/LICENTIE-CC0.TXT; preserve source metadata,Existing domestic resolver joins official carrier/OD tariff units to product prices.,Not NS International through-fares. Existing QA scope narrative mixes 17/19 stations and needs reconciliation.,Retain domestic resolver; verify scope reporting.,northwest.json
NW_NYSSE,Nysse single ticket table,www.nysse.fi,https://www.nysse.fi/en/tickets-and-fares/single-ticket.html,2026-09-09,2026 VAT; product effective dates need extraction,published_tariff,html_price_table,Nysse,,FI,public_no_login,"Official web page, PDF or indexed primary-source text inspected; document download separately logged",No explicit open-data reuse licence verified; check source-specific terms,"AB/BC/ABC prices by age, medium and validity.",HTML includes multiple passenger categories; night supplements and capping matter.,"Extract labelled categories, stop zones and validity.",northwest.json
NW_RRREIS_FLEX,RRReis flex fares,www.rrreis.nl,https://www.rrreis.nl/flex,2026-09-09,2026-01-01 listed for applicable flex service,published_tariff,html_price_table,RRReis,,NL,public_no_login,Official publisher page or indexed official text inspected; downloads separately logged,No explicit open-data reuse licence verified,Official fixed-price local flex product example.,RRReis label alone does not identify concession or fixed-route/flex service. Flevoland and haltetaxi use other formulae.,Resolve actual GTFS service/concession before choosing tariff; NDOV remains primary bulk lead.,northwest.json
NW_SNALLTAGET,Snälltåget fare categories and ticket rules,www.snalltaget.se,https://www.snalltaget.se/en/terms-and-conditions,2026-09-09,Current page; effective date unverified,dynamic_inventory,tariff_rules,Snälltåget,,SE|DE|DK,public_no_login,"Official web page, PDF or indexed primary-source text inspected; document download separately logged",No explicit open-data reuse licence verified; check source-specific terms,"Seat, berth, private-compartment and passenger/group conditions.",No complete monetary OD ladder found; product availability is departure specific.,Obtain dated offers with accommodation and group composition.,northwest.json
NW_SNCB_PRICES,SNCB Tarifs 01.02.2026 with second supplement 01.07.2026,www.belgiantrain.be,https://www.belgiantrain.be/-/media/files/pdf/productfiches/tarifs/version-actuelle/fr/tarifs-version-actuelle.ashx?v=866bc1f2b86a4143814e83fc0c4dba50,2026-09-09,2026-02-01 edition amended 2026-07-01,published_tariff,pdf_price_table,SNCB,,BE,public_no_login,"Official web page, PDF or indexed primary-source text inspected; document download separately logged",No explicit open-data reuse licence verified; check source-specific terms,"Class, passenger and Train+ monetary tables by tariff-distance band.",Tariff km explicitly differ from physical distance; authoritative OD tariff km not yet found. Airport supplement and international products separate.,Parse price PDF and locate OD tariff distances.,northwest.json
NW_SWEDEN_ACCESS,Samtrafiken sales data and Access OSDM pricing,www.trafiklab.se,https://www.trafiklab.se/news/2025/2025-01-01-samtrafiken-sales-data-available/,2026-09-09,Published 2025-01-01; updated 2025-02-03,mixed,api_documentation,SJ|Transdev|VR|Länstrafiken Örebro|UL,,SE,agreement_required,"Official web page, PDF or indexed primary-source text inspected; document download separately logged",No explicit open-data reuse licence verified; check source-specific terms,Identifies national integrated pricing/sales access route.,Free NeTEx sales dataset contains schedules only; pricing requires signed Access agreement. Check operator coverage.,Use local tariff tables where fixed; seek Access for integrated offers.,northwest.json
NW_TEC,LETEC official 2026 Classic/Express tariff table,presse.groupe.letec.be,https://presse.groupe.letec.be/letec-annonce-sa-nouvelle-grille-tarifaire-a-partir-du-1er-fevrier-2026,2026-09-09,2026-02-01,published_tariff,html_price_table,TEC,,BE,public_no_login,Official publisher page or indexed official text inspected; downloads separately logged,No explicit open-data reuse licence verified,"Explicit Classic and Express single/day/multi fare tables, medium and onboard supplements.",Old Next/Horizon zones removed in 2026. Determine line category and passenger/channel before applying.,Map line to Classic/Express and parse published table.,northwest.json
NW_UK_BUS_BODS,DfT Bus Open Data Service: fare datasets in NeTEx,findtransportdata.dft.gov.uk,https://findtransportdata.dft.gov.uk/dataset/bus-open-data---download-all-fare-data-18336000460,2026-09-09,Daily delivery; catalogue metadata added 2022-09-13,published_tariff,open_data_catalogue,Stagecoach|Arriva|Rotala|JH Coaches,,UK,public_catalogue_download_not_verified,Official publisher page or indexed official text inspected; downloads separately logged,DfT catalogue explicitly lists UK Open Government Licence,Official English local-bus fare datasets; potential shared acquisition path.,Exact operator/route feeds not downloaded; live portal returned HTTP 403 to web tool. Does not imply national/international coach coverage.,Find operator-specific feeds and map NaPTAN stops/NOC/service/product identities.,northwest.json
NW_VR_COMMUTER,VR fixed-price commuter tickets,www.vr.fi,https://www.vr.fi/en/train-tickets/single-ticket-commuter-traffic,2026-09-09,Current displayed fares,published_tariff,html_price_table,VR,,FI,public_no_login,"Official web page, PDF or indexed primary-source text inspected; document download separately logged",No explicit open-data reuse licence verified; check source-specific terms,Fixed route-specific commuter pricing and a few example fares.,Not a full matrix; HSL-only trips need HSL ticket.,Locate complete OD prices and classify train service before use.,northwest.json
NW_VR_LONG,VR long-distance single tickets,www.vr.fi,https://www.vr.fi/en/train-tickets/single-ticket-long-distance,2026-09-09,Current page,dynamic_inventory,tariff_rules,VR,,FI,public_no_login,"Official web page, PDF or indexed primary-source text inspected; document download separately logged",No explicit open-data reuse licence verified; check source-specific terms,Confirms purchase/travel-time price variation.,No full static OD table found; cabins sold as whole units. Swedish Tåg i Bergslagen separate.,Acquire dated offers; distinguish cabin and passenger fares.,northwest.json
SW_ALAVABUS,"Álavabus 2026 zone fares, crossing matrix and discounts",Diputación Foral de Álava / Álavabus,https://alavabus.eus/documents/d/alavabus/tarifas-zonales-01-04-2026-1-pdf,2026-09-09,Route tariff page states from 2026-04-01; temporary card discount 2026-01-01 to 2026-12-31.,published_tariff,pdf_price_table,Álavabus,Álavabus,ES,Public; no account used.,"Nine-page PDF opened; occasional zones 0–5 EUR 1.55, 2.00, 3.05, 4.65, 6.80, 8.65; includes zone-crossing matrix.",No open reuse licence verified; public accessibility alone is not an open-data licence.,"Exact ordinary fare and card/recurrence variants for lines 1–16, 18 and 19; separate Transporte Comarcal.",Lines 17 and 20 have separate tables. Personalised card rebates occur later; do not treat them as an unconditional single fare.,Join route and stop zones; acquire lines 17/20 if relevant at https://alavabus.eus/es/tarifas-y-otros ; implement date-specific discount variants.,southwest.json
SW_ALEOP_ECO,Aléop Eco — TER and specified express coaches,Région Pays de la Loire / Aléop,https://aleop.paysdelaloire.fr/tarifs/billet-aleop-eco,2026-09-09,Current page checked 2026-09-09; start date not stated.,mixed,tariff_rules,Aléop|SNCF,SNCF VOYAGEURS|Société Nationale des Chemins de fer Français|OCEdefault|Trains Express Régionaux|SNCF|SNCF / TER|Aléop Lignes Express régionales|Aléop en Loire-Atlantique,FR,Public; no account used.,"Official page identifies EUR 1–22 offer, valid on regional trains and coaches 7, 12, 13, 15, 16, 17 and 26; sale until day before departure.",No open reuse licence verified; public accessibility alone is not an open-data licence.,Verified product scope and published range for these LER/TER products.,Range alone does not give OD prices or prove full inventory; no universal EUR 1 fare and no complete matrix found.,Acquire regional ordinary/Eco OD tables or official route quotes; preserve purchase deadline and product before costing.,southwest.json
SW_ALEOP_LA,Aléop Loire-Atlantique tickets,Région Pays de la Loire / Aléop,https://aleop.paysdelaloire.fr/tarifs/tickets-en-loire-atlantique,2026-09-09,Current page checked 2026-09-09; start date not stated.,published_tariff,html_price_table,Aléop,Aléop Lignes Express régionales|Aléop en Loire-Atlantique,FR,Public; no account used.,"Official indexed price EUR 2.90 ordinary, EUR 1.50 eligible reduced, ten tickets EUR 24.",No open reuse licence verified; public accessibility alone is not an open-data licence.,Published local coach fare and transfer allowance.,"Excludes lines 7, 12 and 13; airport shuttle excluded from Naolib connection. Not a generic LER price.",Map GTFS route to local network; retain two-hour Aléop validity plus one-hour direct Naolib/YCÉO connection rules.,southwest.json
SW_BILMAN,Bilman Bus official retail and ticket conditions,Bilman Bus,https://web.bilmanbus.es/tu-billete/,2026-09-09,Checked 2026-09-09; visible advance-sale banner still ends 2026-06-30.,unresolved,retail_booking,Bilman Bus,"Bilmanbus,S.L.",ES,Public; no account used.,Official retail page and ticket conditions found; no current ordinary OD price table verified.,No open reuse licence verified; public accessibility alone is not an open-data licence.,Route/date quote acquisition candidate and ticket conditions.,Retail-only finding does not prove dynamic pricing or absence of a concession tariff. Discount/pass advertisements are not ordinary OD fares.,Inspect actual routes represented in the graph and statutory concession tariff publications; obtain ordinary quotes from authorised retail interface.,southwest.json
SW_CADIZ,Bahía de Cádiz transport consortium — interurban fare table,Consorcio de Transportes Bahía de Cádiz,https://siu.cmtbc.es/es/tarifa.php,2026-09-09,Interurban table says from 2025-07-01; urban table separately states calendar 2026.,published_tariff,html_price_table,CTMC Bahía de Cádiz,Red de Consorcios de Transporte de Andalucía - Bahía de Cádiz,ES,Public; no account used.,Official HTML opened. Interurban single EUR 1.45 at 0 crossings through EUR 7.80 at 9; card values separate. Official matrix page also opened.,No open reuse licence verified; public accessibility alone is not an open-data licence.,Exact published zone-crossing fare with ticket medium and applicable transfer rules.,"Urban, maritime and interurban dates differ. Do not infer all card reductions share urban 2026 expiry.",Acquire https://siu.cmtbc.es/es/tarifas_saltos.php plus municipality/stop-to-zone mapping; validate current subsidy validity and route.,southwest.json
SW_CP_AP,CP Alfa Pendular Lisboa–Porto–Braga 2026 price table,Comboios de Portugal,https://www.cp.pt/info/documents/d/cp/precos-alfa-pendular-lisboa-porto-braga,2026-09-09,From 2026-01-01.,published_tariff,pdf_price_table,CP,Comboios de Portugal,PT,Public; no account used.,"Two-page official PDF opened; Lisboa SA/Oriente–Porto Campanhã adult single EUR 35.70 Turística, EUR 49.90 Conforto.",No open reuse licence verified; public accessibility alone is not an open-data licence.,Published full single and return fares and specified reductions on this corridor.,"Not a promotional inventory quote; discounts, combined Alfa+IC return columns and eligibility differ. Only listed relations.","Parse OD blocks with merged origin cells; retain whole/50%, single/return and class; independently check the Lisboa–Porto row.",southwest.json
SW_CP_CATALOGUE,CP downloadable train price tables — discovery index,Comboios de Portugal,https://www.cp.pt/info/w/trains-prices-pdf,2026-09-09,Current links checked 2026-09-09; acquired examples say valid from 2026-01-01.,published_tariff,open_data_catalogue,CP,Comboios de Portugal,PT,Public; no account used.,"Public index opened: links for Alfa Pendular, five Intercidades corridors, eleven Regional/InterRegional corridors, three urban networks and Celta.",No open reuse licence verified; public accessibility alone is not an open-data licence.,"Discovery of official route-by-route PDF nominal fares, including domestic and selected international services.","A public document catalogue, not an explicitly open-licensed data feed. Each linked file needs separate validity and route checks.",Acquire the tables covering the CP services represented in the graph; create station crosswalks and keep service-specific tariffs separate.,southwest.json
SW_CP_IC,CP Intercidades Lisboa–Porto–Guimarães–Braga–Valença 2026 prices,Comboios de Portugal,https://www.cp.pt/info/documents/d/cp/precos-intercidades-lisboa-porto-braga-guimaraes-valenca,2026-09-09,From 2026-01-01.,published_tariff,pdf_price_table,CP,Comboios de Portugal,PT,Public; no account used.,"Eight-page PDF opened; Lisboa SA/Oriente–Porto Campanhã adult single EUR 28.05 second class, EUR 41.50 first class.",No open reuse licence verified; public accessibility alone is not an open-data licence.,"Exact published nominal corridor OD fares, class and return/discount variants.",Not observed promotional availability. PDF merged cells require layout-aware extraction; return eligibility and rounding must be preserved.,Parse and compare the Lisboa–Porto row against the published table; obtain other CP corridors from SW_CP_CATALOGUE.,southwest.json
SW_ELX,Vectalia Elx Rodalia — fare and pass table,Vectalia Elx Rodalia,https://elxrodalia.vectalia.es/bonos-y-tarifas/,2026-09-09,Current index checked 2026-09-09; effective tariff dates unverified.,published_tariff,html_price_table,Elx Rodalia,Elx Rodalia,ES,Public page indexed; automated fetch forbidden (403).,Official page search-indexed with tariff table headings; direct page returned HTTP 403.,No open reuse licence verified; public accessibility alone is not an open-data licence.,"Candidate local/concession fare table, ticket variants and transfers.",No numeric current fare verified in this pass. Historic GVA CV-211 table exists but must not substitute for current tariff.,Acquire page through normal authorised browser access and match GTFS line/stops to tariff sections; verify current GVA concession table.,southwest.json
SW_EUSKOTREN,Euskotren general train fare poster — 29 June 2026,Euskotren,https://www.euskotren.eus/sites/default/files/tarifas/Euskotren_Tarifa_Orokorra%2029.06_3.pdf,2026-09-09,Current tariff page labels effective 2026-06-29.,published_tariff,pdf_price_table,Euskotren,Euskotren Trena,ES,Public PDF; no account.,"Linked PDF successfully opened as one page, but web text extraction returned zero lines. Price cells were not verified.",No open licence verified; Euskotren page footer expressly restricts reproduction without permission.,Candidate train fare matrix and zone/product tariffs.,Requires image/table extraction and visual QA. Temporary card discounts differ from occasional cash tickets.,"Acquire and render PDF, transcribe/parse cells, join official tariff zones and cross-territory products.",southwest.json
SW_GALICIA,Galicia official 2026 XLSX fare calculator,"Xunta de Galicia, Dirección Xeral de Mobilidade",https://www.bus.gal/sites/w_tpgal/files/faq/2026/01/202601._calculadora_tarifas_ptpg_2026_descuentos_cas.xlsx,2026-09-09,Workbook labelled 2026; page cites discount resolution 2025-12-23.,published_tariff,machine_readable_tariff,Transporte Público de Galicia,Transporte Público de Galicia,ES,Public; no account used.,Official fare page opened; exact XLSX href retrieved from page HTML. Workbook cells not yet parsed; web tool cannot preview attachment.,No open reuse licence verified; public accessibility alone is not an open-data licence.,"Municipality-OD calculator, ordinary fares and eligible discount variants.","Fare depends on administrative OD and concessions, not arbitrary geometric distance. Website discount-end text appears inconsistent; confirm before modelling subsidies.","Acquire workbook; inspect data sheets/formulas, administrative codes and dates; compare calculator outputs. Landing page https://www.bus.gal/es/faq/tarifas-y-bonos/tarifas .",southwest.json
SW_HDF,Hauts-de-France Nord coach tariff pages — unresolved price validity,Région Hauts-de-France,https://arcenciel.hautsdefrance.fr/arcenciel2/ba/TARIFICATION,2026-09-09,Current index checked 2026-09-09; exact effective tariff not established.,unresolved,tariff_rules,Hauts-de-France Mobilités,CAR_HDF_59_2|CAR_HDF_59_3,FR,Official public page; temporary fetch failure.,Official Pévèle tariff page indexed; direct open returned 502. Current region index advertises EUR 2 while older news title says EUR 1.,No open reuse licence verified.,Identifies official sector-specific tariff source to acquire.,Conflicting indexed notices are insufficient to assign a fare. CAR_HDF_59_2/3 must be matched to sectors and actual routes.,Acquire current sector 2 and 3 fare documents; resolve validity conflict before calculating.,southwest.json
SW_NANTES,Nantes airport passenger shuttle fare — candidate scope,Aéroport Nantes Atlantique,https://www.nantes.aeroport.fr/fr/acces-et-transports/navette-aeroport,2026-09-09,Current page checked 2026-09-09; effective date not stated.,published_tariff,html_price_table,Nantes Atlantique Airport transport,Aéroport Nantes Atlantique,FR,Public; no account used.,"Official airport page lists EUR 10 ticket, valid one hour on shuttle plus Naolib and TER within Nantes agglomeration.",No open reuse licence verified; public accessibility alone is not an open-data licence.,Exact passenger shuttle product after identity and route verification.,"agency2toc's Bus row has 28 OD entries and country list BE,CH,CZ,DE,DK, so this local-shuttle interpretation is unproven. Not airport operator/airside charges.","Inspect original GTFS agency_url, routes and stops. Apply EUR 10 only if this is actually the Nantes passenger shuttle.",southwest.json
SW_NOUVELLE_AQUITAINE,Nouvelle-Aquitaine regional coach fares,Région Nouvelle-Aquitaine,https://transports.nouvelle-aquitaine.fr/tarifs-et-achat/tarifs-cars-regionaux,2026-09-09,Current page checked 2026-09-09; linked regional fare poster effective 2024-09-01.,published_tariff,html_price_table,Nouvelle-Aquitaine Mobilités,Cars Régionaux 87 - Haute Vienne,FR,Public; no account used.,"Official indexed table: EUR 2.50 two-hour single, EUR 4.50 same-day return, EUR 20 ten journeys. Haute-Vienne page links regional products.",No open reuse licence verified; public accessibility alone is not an open-data licence.,"Nominal regional coach fares, product and time validity.",Must verify the Cars Régionaux 87 route belongs to ordinary regional network and any route-specific exception; no train pricing implied.,Acquire current tariff page/poster and Haute-Vienne guide; map route and enforce connected-journey validity.,southwest.json
SW_RENFE_CATALOGUE,Renfe Data — official catalogue and explicit fare-data gap,Renfe,https://data.renfe.com/es/dataset,2026-09-09,Catalogue checked 2026-09-09.,mixed,open_data_catalogue,Renfe,RENFE OPERADORA,ES,Public; no account used.,"Official catalogue reviewed: timetable, station and vehicle data found; no current OD fare table or price-inventory feed verified.",No open reuse licence verified; public accessibility alone is not an open-data licence.,Station/timetable joins and a documented search gap.,"Catalogue presence is not evidence of fares. Existing fares-renfe.py reads thegurusteam's historical Kaggle prices, not this official catalogue. No claim that public tariffs do not exist.",Search applicable Renfe/authority fare publications and request authorised retail/distribution access if necessary. Official https://www.renfe.com/es/es/normativa documents dynamic prices; it does not supply their complete inventory.,southwest.json
SW_RENFE_CERCANIAS,Renfe Cercanías Madrid — zone-based single tickets,Renfe,https://www.renfe.com/es/es/cercanias/cercanias-madrid/tarifas/billetes.html,2026-09-09,Current indexed page checked 2026-09-09; fare effective date not stated.,published_tariff,html_price_table,Renfe,RENFE OPERADORA,ES,Public; no account used.,Official page search-indexed with complete single table: zones 1/2 EUR 1.70 through 7 zones EUR 5.50; C-9 Zona Verde EUR 8.70.,No open reuse licence verified; public accessibility alone is not an open-data licence.,Exact published Madrid Cercanías single tariff once station zones and applicable service are known.,"Madrid commuter services only; cannot price the agency's AVE, Avant, other nuclei or international trips. Card cost, Cronos recurrence and passes differ.",Acquire pages for applicable nuclei plus official station-zone maps. Route-classify the RENFE services represented in the graph before choosing sources.,southwest.json
SW_SNCF_BASE,"SNCF Tarifs voyageurs, volume 6 — base fare coefficients and product rules",SNCF Voyageurs,https://www.tgvinoui.sncf/file/tarifs-voyageurs,2026-09-09,Document version 2026-01-05; base coefficients explicitly dated 2016-05-01; other sections carry separate dates.,mixed,pdf_price_table,SNCF,SNCF VOYAGEURS|Société Nationale des Chemins de fer Français|OCEdefault|Trains Express Régionaux|SNCF|SNCF / TER,FR,Public; no account used.,160-page PDF opened; p112 contains P=a+b*d coefficients and tariff-distance definition; p7-8 identifies regional tariff competence.,No open reuse licence verified; public accessibility alone is not an open-data licence.,Published base tariff calculation for applicable products; national/regional division and some fees.,Not a universal TGV or TER fare formula. Region-specific coefficients override national ones; official tariff distance is required. Coefficient date is not the document date.,Acquire regional CGV by service/region; obtain authoritative tariff distances and rounding; use current SNCF datasets for their newer price bounds.,southwest.json
SW_SNCF_IC,Tarifs Intercités — daytime and overnight OD fare bounds,SNCF Voyageurs,https://ressources.data.sncf.com/explore/dataset/tarifs-intercites/table/,2026-09-09,From 2026-01-02.,mixed,machine_readable_tariff,SNCF,SNCF VOYAGEURS|Société Nationale des Chemins de fer Français|OCEdefault|Trains Express Régionaux|SNCF|SNCF / TER,FR,Public downloads; no account.,Official dataset and data.gouv.fr mirror opened; mirror advertises 325.1 kB CSV and 782.9 kB JSON.,ODbL explicitly declared on the data.gouv.fr dataset.,Intercités OD/class full-fare bounds with station mapping.,"No availability, booking horizon, or complete fare ladder. Reservation and accommodation matter.",Download CSV/JSON from https://www.data.gouv.fr/datasets/tarifs-intercites ; distinguish day/night and verify observed OD rows.,southwest.json
SW_SNCF_TGV,Tarifs TGV INOUI et OUIGO — official OD fare bounds,SNCF Voyageurs,https://ressources.data.sncf.com/explore/dataset/tarifs-tgv-inoui-ouigo/export/,2026-09-09,TGV INOUI from 2026-04-01; OUIGO from 2026-01-02.,dynamic_inventory,machine_readable_tariff,SNCF,SNCF VOYAGEURS|Société Nationale des Chemins de fer Français|OCEdefault|Trains Express Régionaux|SNCF|SNCF / TER,FR,Public downloads; no account.,"Official export page opened. data.gouv.fr mirror lists 3.1 MB CSV and 9.9 MB JSON; CSV response recognised as text/csv, not parsed by web tool.",ODbL explicitly declared at https://www.data.gouv.fr/datasets/tarifs-tgv-inoui-et-ouigo .,Domestic OD/class/profile minimum and maximum full-fare bounds; UIC station identifiers.,"Bounds are neither all fare levels nor available departure-specific quotes; published relations must be matched, including route/profile. API sample attempt failed in web tool.",Acquire CSV through https://www.data.gouv.fr/api/1/datasets/r/cffcec3b-1c13-4e92-b530-1db00bb3ac1b ; retain bounds separately from observed quotes.,southwest.json
SW_TI_LISTINO,"Trenitalia Listino dei Prezzi, Capitolo IV, Parte II",Trenitalia,https://www.trenitalia.com/content/dam/trenitalia/allegati/info/condizioni-generali-di-trasporto/parte-ii-trasporto-nazionale/Listino_Prezzi_Capitolo_IV-PARTE_II_Trasporto_Nazionale.pdf,2026-09-09,Current linked document titled 2026-07-16; superseded version ends 2026-07-15.,published_tariff,pdf_price_table,Trenitalia,Trenitalia|TRENITALIA S.p.A.,IT,Public; no account used.,"212-page PDF opened. IC/ICN OD rows expose tariff km, single fares and monthly fares. Example Civitavecchia–Roma Termini: IC/ICN, 80 tariff km, EUR 11.50 second-class single.",No open reuse licence verified; public accessibility alone is not an open-data licence.,"Exact published IC/ICN Base reference fares by OD, class and service; some fees, minima, pass prices.",Discounted inventory is separate; this is not a complete Frecce fare inventory. Do not confuse monthly prices with single fares or km with fare.,Parse IC/ICN relation tables and accommodation sections; match stations and service; retain PDF page provenance and validate sample quotes.,southwest.json
SW_TI_PIEMONTE,Trenitalia Tariffa 39/13 Piemonte — ordinary regional singles,Trenitalia / Regione Piemonte,https://www.trenitalia.com/content/dam/trenitalia/allegati/info/condizioni-generali-di-trasporto/parte-iii-trasporto-regionale/tariffa-39/Tariffa_39_13_Piemonte.pdf,2026-09-09,From 2026-07-01.,published_tariff,pdf_price_table,Trenitalia,Trenitalia|TRENITALIA S.p.A.,IT,Public; no account used.,"Seven-page PDF opened: adult second-class 1–5 km EUR 1.80, 91–100 km EUR 9.60. Official regional directory provides 21 region/province links.",No open reuse licence verified; public accessibility alone is not an open-data licence.,"Exact regional distance-band tariff once the applicable region, official tariff distance and product are established.",Piemonte only. Rules dated 2026-07-25 require Prontuario Ufficiale distances; new infrastructure need not shorten tariff distance. Emilia-Romagna delegates to Trenitalia TPER.,Acquire all needed Tariffa 39 files at https://www.trenitalia.com/it/informazioni/condizioni-generali-di-trasporto/biglietto-tariffa-39-per-regione.html ; acquire official distance handbook and Part III boundary annexes.,southwest.json
SW_TI_REGIME,Trenitalia Part II — Base fares and limited-price availability,Trenitalia,https://www.trenitalia.com/content/dam/trenitalia/allegati/info/condizioni-generali-di-trasporto/parte-ii-trasporto-nazionale/Parte_II-Trasporto_Nazionale.pdf,2026-09-09,Current PDF linked on 2026-09-09; archived predecessor ends 2026-08-05.,mixed,tariff_rules,Trenitalia,Trenitalia|TRENITALIA S.p.A.,IT,Public; no account used.,98-page current PDF opened; printed p29 explicitly distinguishes IC/ICN listino Base from Frecce Base price levels.,No open reuse licence verified; public accessibility alone is not an open-data licence.,"Correct separation of published IC/ICN Base, discounted offers, and Frecce inventory.","Rules provide no full departure-specific price dataset. Frecciarossa, Frecciargento and Frecciabianca Base prices have limited, variable capacity by level.",Pair the Listino with these rules. For Frecce collect authorised timestamped quotes or obtain distribution access; do not substitute minimum advertised fare.,southwest.json
SW_TPER,TPER public fare catalogue — Bologna/Ferrara urban and regional zones,TPER,https://www.tper.it/tariffe,2026-09-09,Current page checked 2026-09-09; Bologna update announced effective 2025-03-01.,published_tariff,html_price_table,TPER,TPER spa,IT,Public; no account used.,"Official indexed tables list Bologna extraurban ordinary advance/contactless fares: one zone EUR 2.30, two EUR 2.90, ten EUR 8.80.",No open reuse licence verified; public accessibility alone is not an open-data licence.,"Bus fare lookup by basin, zone count, product and sales channel.","Agency is TPER spa Bus, not automatically Trenitalia TPER Rail. Bologna values cannot be assigned to Ferrara or special services without checking.",Map the TPER services represented in the graph to basin/routes/zones; acquire the page and zone map; include transfer validity and onboard cash surcharge.,southwest.json
SW_TRENORD,Trenord complete tariff table — September 2026,Trenord,https://www.trenord.it/fileadmin/contenuti/TRENORD/4-Info_e_assistenza/Informazioni_utili/Condizioni_di_trasporto/Condizioni_di_trasporto_IN_VIGORE/AvvisoA3Trenord_2026_179_Tariffario.pdf,2026-09-09,From 2026-09-01.,published_tariff,pdf_price_table,Trenord,Trenord,IT,Public; no account used.,"Two-page official PDF opened via current conditions page; ordinary adult second class 1–5 km EUR 1.60, 91–100 km EUR 9.00.",No open reuse licence verified; public accessibility alone is not an open-data licence.,"Distance-band ordinary fares; class, age and subscription tables.","Tariff distance and product selection still required. STIBM, airport and cross-border products must be handled under their own scope.","Download current tariff and September 2026 conditions; acquire official OD tariff distances, STIBM station zones and exceptions.",southwest.json
SW_ZOU,ZOU Express lines 90/92/93/94 — explicit OD fare tables,Région Sud / ZOU!,https://zou.maregionsud.fr/public/media/file/2026-07/zou_tarif_express_90_92_93_94_ac_02062026.pdf,2026-09-09,Document labels revised 2026-06-02.,published_tariff,pdf_price_table,ZOU!,LER ! ZOU,FR,Public; no account used.,"Five-page PDF opened with triangular OD tables; line 90 Saint-Raphaël–Nice airport EUR 20.30 single, plus EUR 0.40 when bought onboard.",No open reuse licence verified; public accessibility alone is not an open-data licence.,"Exact published OD fares for listed express lines, ten-trip and monthly products.",LER ! ZOU alias does not identify its route. This table covers only specified lines; retain internal product/date exceptions.,Match GTFS line number and stops first. Obtain other line tables through https://zou.maregionsud.fr/les-tarifs-zou and express-line pages.,southwest.json
